comicName,count
Donald Duck,3606
Robbedoes Weekblad,3124
Kuifje Weekblad,2276
Sjors,1389
Eppo,714
Pep,679
Arend,575
Suske En Wiske Weekblad,539
Suske En Wiske,530
Tina,523
Victoria,473
Donald Duck Extra,457
Lasso,399
Jommeke,384
De X,372
Akim Held Van De Jungle,344
Stripschrift,333
Tarzan (Classics),307
Collectie Spotlight,295
Suske En Wiske HQ,271
"Tibor, Zoon Van Het Oerwoud",251
Collectie 500,243
Jippo,241
De Avonturen Van Nero En Co,237
Spider,224
De Rode Ridder (Kleur),215
Sheriff Classics,214
De Spectaculaire Spider,210
Kranten Strips,201
Korak De Zoon Van Tarzan,200
Laurel En Hardy,195
Illustrated Classics,195
Zonneland,194
Bessy,189
Garfield,188
Kiekeboe,182
Zwarte Reeks,181
Strijd Classics,181
De Avonturen Van Urbanus,177
TV2000,174
HIP Comics,172
Sjors En Sjimmie Extra,169
Sjors En Sjimmie Stripblad,166
De Vlaamse Kranten,160
Jerom,160
Mickey Maandblad,155
Lucifera,151
"Peter Parker, De Spectaculaire Spiderman",150
Superman (Baldakijn),145
Zozolala,144
Avontuur Classics,143
Tom & Jerry (De Vrijbuiter),141
Collectie Vrije Vlucht,133
Eppo Wordt Vervolgd,132
Ohee! Weekblad,132
Superman Classics,132
Batman Classics,130
Suske En Wiske (Vierkleuren Reeks Met Nieuw Omslag),126
"Blauwbloezen, De",125
Tex Willer,123
Donald Duck Pocket S3,122
Diversen 18+,122
De Flintstones,121
Tom Poes Krantenstrips,120
Michel Vaillant,118
Suske En Wiske Reclame,118
Batman,117
De Rose Panter,116
Disneyland,116
De Wonderbaarlijke Spinneman,113
Eric De Noorman,113
Web Van Spider,110
Samson & Gert Krant,109
Sjors En Sjimmie,109
Asterix,108
Collectie Jong Europa,108
De Rode Ridder (Zwart,107
Bakelandt,106
Tarzan (Junior Press),105
Superstrip,104
SjoSji,103
SjoSji Extra,100
Wham!,100
Popeye,99
Robert En Bertrand,99
Lucky Luke,99
Het Belang Van Limburg,99
Gazet Van Antwerpen,99
Penny,96
Buck Danny,95
Anita,95
MAD,95
Karl May,93
Collectie Millennium,93
Nick Pionier Van Het Heelal,92
Wolverine,90
F.C. De Kampioenen,89
Toppers In Strip,88
Oorlog,87
Dick Bos (Nooitgedacht,86
Rik Ringers,84
Bollie En Billie,83
Tom Poes (Donald Duck,82
De Vier Verdedigers,81
Marvel Superhelden,79
Woody Woodpecker (Semic Press),78
"Jan, Jans En De Kinderen",78
Tarzan (Metropolis),78
Favorietenreeks,78
Oom Dagobert,77
Bob Morane,77
Chick Bill,76
Commando Classics,76
De Avonturen Van Kapitein Rob,75
Wordt Vervolgd,73
Sprookjes In Beeld,73
Filmstrips,72
LeFranc,71
Taptoe,71
Star Wars,71
Bajonet,70
Elfquest,69
Paling En Ko,69
Conan De Barbaar,67
Robbedoes En Kwabbernoot,67
Derde Stroming,66
Front Mini,65
De Smurfen,65
Tom Poes (De Bezige Bij,65
Collectie Cogitatio,65
Spawn,64
Fix En Fox,63
Guust Flater,63
De Stripspeciaalzaak,62
W.I.T.C.H. (Tijdschrift),62
Tom Poes (De Bezige Bij),62
Alex,61
Penthouse Comics Magazine,60
Jerom (Adhemar),60
Robbie,60
Kuifje,60
Sigurd,59
Piloot Storm,59
Prins Valiant,59
Collectie Charlie,59
Diabolik,59
Collectie Vinci,59
Wickie,58
Fantastic Four Special,58
De Blauwbloezen,58
Western Mini,57
Trigi�,57
De Vergelders Special,57
Blake En Mortimer,57
Collectie Balista,56
Dennis (Semic Press),56
De Verdedigers,56
Prins Valiant (Tijdschrift),55
Collectie De Zwarte Loge,55
Falk,54
Biggles,54
Geheim Agent,54
Oberon Strips,54
Horatio Altuna,53
De Sade,53
Rooie Oortjes,53
Piet Pienter En Bert Bibber,52
XIII,52
Pol,52
Ducktales,52
Collectie Detectivestrips,52
Griezel Classics,51
Flipje Tiel,51
Looney Tunes Strips,51
Pantser,51
Shock,50
Peptoe,49
Extra Donald Duck,48
Storm,48
De Familie Doorzon,48
Hessa,47
De Stamgasten,47
Baard En Kale,47
Tom Poes Weekblad,47
Pony Club,47
Dommel,47
FC Knudde,46
Wild West (Classics),46
Kari Lente,46
Collectie Impressie(s),46
H�gar,46
Collectie Kronieken,45
Follies,45
De Avonturen Van Donald Duck,45
Dan Cooper,45
Verhalen En Legenden,44
De Mini,44
Billie Turf,44
Collectie Bamboe,43
Olivier Blunder,42
Looney Tunes (tijdschrift),42
Sigmund,42
XIII Mystery,42
Debbie Stripstory,41
De Katamarom,41
Rooie Oortjes Cartoon Album,41
Tina Topstrip,40
Jacula,40
X,40
Sammy,40
DirkJan,40
Top Illustrated Classics,40
De Verbijsterende Hulk,39
De Lone Ranger,39
Fokke & Sukke,38
Super Kuifje,38
Super Reeks,38
"Archie, De Man Van Staal",38
The Simpsons,37
Detective Classics,37
Aram Van De Eilanden,37
Aria,37
Groene Lantaarn,36
Roodbaard,36
Pocket Classics,36
Fantastic Four,36
Vrouwen In 't Wit,36
Yakari,36
Flits (Classics),36
Thorgal,35
De Wondersloffen Van Sjakie,35
Jeremiah,35
Aquaman,35
Luitenant Blueberry,35
Duo Beeldroman,34
Joop Klepzeiker,34
De Wrekers,34
De Collectie Getekend,34
Samson & Gert,34
Penny Plus,34
Bamse,34
Jamin Junior,34
Tarzan (ATH),33
Ciso,33
Tom Poes (Oberon),33
Durfal,33
The Champions,33
Zwarte Valk,33
Huon De Neveling,33
De Transformers,33
Suske En Wiske Plus,33
Papyrus,33
De Verbijsterende Hulk Special,32
Axel Moonshine,32
Auteur Reeks,32
De Timoers,32
Ravian,32
Lex Brand,32
Koning Hollewijn (Krantenstrips),31
"David, De Kabouter",31
Marsupilami,31
Collectie Polyptiek,31
Noortje,31
Paulus De Boskabouter,31
Bibliotheek Van Het Nederlands Beeldverhaal,31
Binkie,31
Donald Duck Winterboeken,30
C�dric,30
Witchblade,30
Koning Hollewijn,30
De Beverpatroelje,30
Collectie Delta,30
Rooie Oortjes Magazine,30
Klein Suske En Wiske,30
Tristan,29
Leonardo,29
Donald Duck Vakantieboeken,29
Tornado,29
Donald Duck Pocket S2,29
Titanic Stripmagazine,29
Bonanza,29
Yoko Tsuno,29
Collectie Avonturenstrips,28
Kick Wilstra,28
�gan,28
Heinz,28
Tits,28
G.Raf Zerk,28
Kleine Zondagsvriend,28
"Jezab, De Zeevaarder",28
Agent 212,28
Agent 327,27
"Een Strip, Een Auteur",27
Knocky Magazine,27
Stunt,27
Krimi,27
Tangy En Laverdure,27
Collectie Buitengewesten,27
Tante Leny Presenteert! (Tijdschrift),26
Collectie 1800,26
Nils Holgersson,26
De Verborgen Geschiedenis,26
Hyena,26
Claire,26
Maja De Bij,26
Reeks Jeugdzonden,26
Goldrake,26
De Verbijsterende Hulk Album,26
Scooby Doo,26
Army,26
Kapitein Rob (Skarabee Pockets 1e Reeks),26
Kramikske,26
Ouwe Niek,26
De Koene Ridder,26
Kappie,26
Rawhide Kid,25
De Smurfen (Tijdschrift),25
Donald Duck 50,25
Franka,25
Jessica Blandy,25
Spaghetti,25
Rahan,25
Playhouse Comics Magazine,25
De Pioniers Van De Nieuwe Wereld,25
Gummi,25
Batman Magazine,25
W817,25
Magnum,25
Kit Carson,25
Garry,25
Bessy Natuurkommando,24
Bugs Bunny,24
Douwe Dabbert,24
Uit De Toonder Studio's,24
Safari,24
Wordt Vervolgd Romans,24
Natasja,24
Flash Gordon,24
Debbie Parade Album,24
Gen 13,24
Turbo,24
Boing,24
De Punisher,24
Tom & Jerry (Tijdschrift),24
Vasco,23
Victor Sackville,23
Tom Poes (Revue),23
Beeldromance,23
Diversen,23
Katrien,23
Collectie Vrolijke Vlucht,23
Collectie Lambada,23
Titanic Reeks,23
Laat Maar Zitten,23
Collectie Metro,23
Dag En Heidi,23
Zorro,23
Losstaande Albums Van Peter Van Straaten,22
Luxe Reeks,22
Geheimen Van Het Vaticaan,22
Donald Duck En Andere Verhalen,22
Doctor Solar,22
De 4 Helden,22
Robin Hoed,22
Sl�ine,22
Chlorophyl,22
Superstrip (500),22
Clifton,22
Yogi Beer En De Flintstones,22
Jerry Spring,22
Luc Orient,22
Johnny Goodbye,22
De Machtige Thor,22
Strip Reeks,22
Navy,22
Jerome K. Jerome Bloks,22
Pecos Bill,21
De New Mutants,21
De Brokkenmakers,21
De Jonge Jaren Van Blueberry,21
MacCoy,21
Roel Dijkstra,21
Comanche,21
Snoopy,21
Dragonball,21
Marshall Mini,21
Sophie,21
Magnus,21
Cable,21
Sukia,21
The Darkness,21
"Grote Zeeslagen, De",21
Toenga,21
Wordt Vervolgd Novellen,21
Buddy Longway,21
Bruno Brazil,21
Flippie Flink,21
Jess Long,21
De Geheime Driehoek,21
New Teen Titans,21
Collectie Fantasy,21
Playcolt,21
De Spectaculaire SpiderMan Extra,20
Donald Duck Dubbelalbums,20
Stam & Pilou,20
Humor In Beroepen,20
Inspecteur Canardo,20
"Julie, Klaartje, C�cile",20
Ivanhoe,20
Incognito Magazine,20
Mirakel Man,20
Rob Van De Rovers,20
Filmspecial (Junior Press),20
Sarah Spits,20
Bessie Turf,20
Collectie Pilote,20
De Onthoofde Arenden,20
Image Special,20
Donald Duck Specials,20
K3,19
Blake en Mortimer,19
Gunsmoke,19
Ciso Stripgids,19
Largo Winch,19
Woody Woodpecker (Vrijbuiter),19
Bernard Prince,19
Parodie Reeks,19
Kuifje Pocket,19
Schipbreuk In De Tijd,19
Tweety En Silvester (Vrijbuiter),19
Jan Kordaat,19
Pinocchio (Semic),19
Limited Serie,19
De Kleine Robbe,19
Donald Duck Dubbelpocket,19
Spiderwoman,19
De Duistere Steden,18
Konvooi,18
Durango,18
Ton En Tinneke,18
Losstaande Albums Van Jacques Tardi,18
Walking Dead,18
Felix De Kat,18
Pikant Reeks,18
Alain Chevallier,18
Collectie Rhaa Lovely,18
Guus Slim,18
Vader & Zoon,18
Alleen Op De Wereld,18
De Partners,18
Jump,18
Marvel Special,18
Donald Duck Een Vrolijke Kerst,18
Conan,18
Maghella,17
Cupido,17
Star Trek,17
Mickey Magazine,17
Donald Duck Dubbelpocket Extra,17
De Robinsons,17
Bruintje Beer,17
Meneer Kweeniewa En Geniale Olivier,17
Sneeuw,17
Sloeber,17
Biebel,17
Before Watchmen,17
Arman & Ilva,17
Suske en Wiske,17
Yalek,17
Collectie Boemerang,17
Collectie Concorde,17
Jugurtha,17
Johan En Pirrewiet,17
Lokje,17
Amoras,17
Collectie Premiere,17
Donald Duck Het Levensverhaal Van Oom Dagobert,17
Jaap,16
De Wind Der Goden,16
Corto Maltese,16
Collectie Charlie Plus,16
Melisande,16
Suske En Wiske De Gouden Collectie,16
Jonathan,16
Sheriff,16
Vivo Helden Serie,16
Sheriff King,16
Romance Classics,16
Trollen Van Troy,16
Samson,16
Goliath,16
Rataplan,16
De Generaal,16
Super Comics,16
Tom Poes (Literaire Reuzenpocket),16
Verhalen Uit De Mega,16
Derde Graad,16
Suske En Wiske Familiestripboek,16
De Psy,16
De Torens Van Schemerwoude,16
Assassin's Creed,16
De Kleine Boze Wolf,16
Generatie X,16
De Huurling,16
Strip,16
Bulletje En Boonestaak,16
Roze Bottel,16
X Mannen,15
Sport Billy,15
I.R.$.,15
Super Tom & Jerry (De Vrijbuiter),15
De Bijbel In Beeld,15
Tscha�,15
Turok,15
Incognito Reeks,15
Archie Cash,15
Sprookjesland,15
"Jochem Jofel, Wereldreiziger",15
Zwarte Wolf,15
De Vrije Balloen,15
Manara Collectie,15
"Bij Sjaak, Tussen Pot En Pint",15
Vae Victis,15
Wereld In Beeld,15
De Onnoembaren,15
Masters Of The Universe,15
De Grappen Van Lambik,15
Red Sonja,15
Giacomo C.,15
Kronieken Van De Zwarte Maan,15
Mickey Mouse,15
Jimmy Van Doren,15
Suske En Wiske Strip Klassiek,15
S1ngle,15
Losstaande Albums Van Hermann Huppen,15
Pandarve,15
Arq,15
Losstaande Albums Van Milo Manara,15
Losstaande Albums Van Willy Vandersteen,14
Beertje Bambam,14
Alf,14
Ronnie Hansen,14
Casper En Hobbes,14
Mr Magellan,14
Sindbad (De Vrijbuiter),14
Dokus De Leerling,14
Geschiedenis In Beeldverhalen,14
100 Bullets,14
German En Wij,14
Caroline Baldwin,14
Steven Sterk,14
Pinocchio (Vrijbuiter),14
De Havik,14
Panda,14
Levenslijnen,14
John Carter,14
Trompie,14
Daniel Boone,14
Collectie Moord En Doodslag,14
Televisie Favorieten,14
Het Dagboek Van Een Bos,14
De Handen Van Shang,14
De Avonturen Van Pinkie Pienter,14
Alfa,14
Avonturier,14
Serie Modern,14
Climax,14
Bram Jager En Zijn Buur,14
Het Land Van Langvergeten,14
Jungla,14
G.I. Joe Speciale Opdracht,14
Peggy,14
Scribbly,14
Bloed En Stilte,14
Kogaratsu,14
Ambrosius,13
Lugubere Verhalen,13
De Orde Van De Drakenridders,13
De Zang Van De Vampiers,13
Michel Vaillant Stelt Voor Onuitgegeven Toppers,13
Rechter Tie,13
Jojo,13
Messalina,13
Puk En Poppedijn,13
Joris PK,13
Gruwel Mini,13
Soda,13
Tomb Raider,13
RAF,13
Kid Paddle,13
Superman & Batman Special,13
Sam,13
Hans,13
De Guitenstreken Van Kwik En Flupke,13
Flip Flink,13
Fokke & Sukke (2014),13
Charly,13
Arretje Nof,13
Reiziger,13
Rubine,13
Speciaal Nummer,13
Harry Dickson,13
De Werelden Van Thorgal,13
Aquablue,13
Tarzan (Atlantic),13
Broomm,13
De Killer,13
Fokke & Sukke (2016),13
Por Dios,13
Fokke & Sukke (2015),13
Indiana Jones,13
Niklos Koda,13
Tekenfilm Classics,13
Marvelstrip,13
Iznogoedh,13
Isabel,13
Kaliber,12
Wallestein Het Monster,12
Titeuf,12
Boes,12
Vandersteen Collectie,12
Stripkoerier,12
HK,12
Fokke & Sukke (2017),12
Erotische Vertellingen,12
Cloak En Dagger,12
Dokter Zwitser,12
Detective Conan,12
Barelli,12
Lanfeust Van De Sterren,12
Ythaq,12
Batman (RW),12
Het Dagelijks Leven,12
Piggelmee,12
Macabre,12
Thomas Pips,12
Ivanov's Beeldroman (Tijdschrift),12
Theodoor Cleysters,12
Jimmy Brown,12
Roel En Zijn Beestenboel,12
"Metabaronnen, De",12
Pokervrouw,12
Fokke & Sukke (2019),12
Suske En Wiske TV,12
He Pao,12
Fokke & Sukke (2018),12
Suske En Wiske Vakantieboek,12
En Daarmee Basta,12
Urbanus Vertelt,12
Collectie Horizon,12
De Morgen Stripcollectie,12
Collectie Sulitzer De Groene Koning,12
Bloedkoninginnen,12
Empire USA,12
De Metabaronnen,11
"Trigi�, The Collection",11
De Geuzen,11
Snoesje,11
De Familie Achterop,11
Gigantik,11
Neon Genesis Evangelion,11
MYX Stripmagazine,11
Collectie Lava,11
Soeperman,11
Collectie Rebel,11
Maarten Milaan,11
Okko,11
Raka,11
Paper (Tijdschrift),11
Arthur,11
Donald Duck Pocket S1,11
Esther Verkest,11
Top,11
Pardon Lul,11
Fruits Basket,11
Tom Poes (Illegale Uitgaven),11
De Schorpioen,11
Williams Maxi Albums,11
De Spookjes,11
Dirk En Desiree,11
Beeldscherm Avontuur,11
Jonathan Cartland,11
De She,11
Jules & Ollie,11
Zusje,11
Mariska,11
Maffia Classics,11
Adler,11
Hulk Liefhebbers Serie,11
Spiderman Klassiek,11
B.D. Ecrivains,11
"Metamorfo, De Stofwisselman",11
Bankgeheimen,11
De Superhelden,11
Met Langteen En Schommelbuik Voorwaarts,11
Suske En Wiske Parodie,11
Djinn,11
Ole! Reeks,11
A Game Of Thrones,11
Losstaande Albums Van Eric Heuvel,11
John Difool,11
Nathalie,11
Zoon Van De Arend,11
Romantica Mini,10
Losstaande Albums Van Dick Matena,10
Collectie Kaleidoscoop,10
Plezier Met Sjors,10
Suske En Wiske De Beste 10,10
Cosa Nostra,10
Golden City,10
Motor,10
Kollektie Cuento,10
Sindbad (Semic Press),10
Garage Isidoor,10
Ian Kaledine,10
Gil St Andr� (Spoorloos),10
Cocco Bill,10
Chakra Strips,10
Atari Force,10
Capricornus,10
Dylan Dog,10
Boeboeks,10
De As Van De Katharen,10
Alleen,10
Daan Durf,10
De Zappers,10
Donald Duck Junior,10
Luka,10
Prometheus,10
Imago Mundi,10
Klaartje Bij Nacht,10
Top Sprookjes In Beeld,10
Calimero,10
Lady S,10
Katrien Duck,10
Op Zoek Naar De Tijdvogel,10
Het Kruis Van Cazenac,10
Sherlock Holmes,10
Zoeloeland,10
Dupuis Unicum Uitgave,10
Dampierre,10
Arad En Maya,10
Merlijn (Merlin),10
Druuna,10
Tom Poes (De Muinck),10
De Piraten Van De Barataria,10
Gilles De Geus,10
Suske En Wiske Pocket,10
Pep Parade,10
Cleo,10
Lanfeust Van Troy,10
Met Goofy De Geschiedenis In,10
De Avonturen Van Alef Thau,10
Insiders,10
De Indianen Reeks,10
De Tien Geboden,10
Wild West,10
Rakker,10
De Vier Verdedigers (Williams),10
Essef,10
Wayne Shelton,10
Walalla,10
Nestor Burma,10
Tramp,10
De Waters Van Dodemaan,10
Horror,10
Geronimo Stilton,10
NAM!,10
Vicky,10
Hip Comics (Tweede Reeks),10
Simon Van De Rivier,10
Apenplaneet,10
De Vergelders,10
Roodmasker,10
FC Knudde (Tijdschrift),10
"Kruis Van Cazenac, Het",10
Paparazzi,10
Zeven,10
Beavis En Butt,9
Hauteville House,9
Collectie Beeldroman,9
Lancelot,9
Billy The Cat,9
Jerry Lee,9
Ambulance 13,9
Heidi (De Vrijbuiter),9
Conny,9
Wolf,9
Crossover,9
Elsje,9
Cactus Club,9
Cliff Burton,9
Dagbladstrips,9
Schipbreukelingen,9
Striprofiel,9
Lambik,9
Requiem De Vampierridder,9
Chinaman,9
Suske En Wiske Blauwe Reeks,9
Willems Wereld,9
Troetel Beertjes,9
Mondria Cartoonreeks,9
Bone,9
Tom & Jerry,9
Game Over,9
Boris Karloff,9
De Dwaas Van De Koning,9
Woody Woodpecker,9
Rouletabille,9
Rork,9
De Ongelooflijke Avonturen Van Kobijn,9
De Macaroni's,9
Lowietje,9
Thunderbirds,9
Jommeke (Zwart,9
Film Classics,9
Tom & Jerry (Big Balloon),9
India Dreams,9
Amigo,9
Luuna,9
Dupuis' Avonturen,9
Beroemde Sprookjes In Beeld,9
Lotusbloem,9
Frank De Vliegende Hollander,9
Judge Dredd,9
Murena,9
Tom Poes (Diversen),9
Adam,9
Bugs Bunny & Co,9
Hombre,9
Travis,9
DC Versus Marvel Comics,9
Opwindende Gebeurtenissen (Altuna Playboystrip),9
Lester Cockney,9
Sheriff Teddy,9
Julie Wood,9
Geheime Oorlogen,9
Suske En Wiske Het Labyrint Van De Leeuw,9
Geheimen,9
Venetiaanse Suites,9
Bouncer,9
Pechvogel,9
Rin Tin Tin,9
Disney Festival,9
Phil�mon,9
Pin,9
Bleach,9
De Phaeton,9
Aryanne,9
Zodiak,9
Strips Van Jaap Vegter,9
De Haas Van Mars,9
Duck Out,9
Beeldscherm Detective,9
Cassio,9
Humo Presenteert,9
Vijftien En Een �,9
Disney Baby's,9
Isabelle Avondrood,9
De Avonturen Van Een Vader En Zijn Zoon,9
De Familie Snoek,9
Strips Extra,9
Olac De Gladiator,8
Wip En Woep,8
Trent,8
Lou!,8
De Familie Kleester,8
Achter De Schermen Van De Macht,8
Kookaburra,8
Ramiro,8
Sabels En Galjoenen,8
TV,8
Boeddha,8
Agent Orange,8
Avatar,8
Indigo,8
Duck Power,8
Nomad,8
Stef Ardoba,8
Disney Comix,8
Spoorloos,8
Superhelden (Koper Comics),8
Jim Lont,8
De Collectie Spiegel,8
Collectie Blauw,8
Pits En Kaliber,8
Gals!,8
Tarzan (H.A.T.E.),8
Annie En Peter,8
Waterland,8
Fokke & Sukke (2020),8
Rooie Oortjes Erotische Verhalen,8
De Avonturen Van Red Rat,8
Geheime Oorlogen II,8
Collectie Expresso,8
Jolige Jungle,8
De Argonautjes,8
Joe Bar Team,8
Vrolijke Stripverhalen Van Donald Duck,8
Debuut Reeks,8
Ghost In The Shell,8
Farao,8
Verzamelde Werken Van Moebius,8
Copy(1) of HIP Comics,8
Bruce J. Hawker,8
Meta,8
Superman (Vanderhout),8
Prins Namor En Rauwe Bonk,8
Magasin General,8
Flikkerzicht,8
Carmen McCallum,8
De Technovaders,8
Pats,8
"Familie Kleester, De",8
D.N.Angel,8
Monki,8
Sherman,8
Vampirella Magazine,8
Tweede Wereldoorlog In Strip,8
Striparazzi,8
Losstaande Albums Van Jean,8
Reclame Uitgaven SBP,8
Eroticon,8
Samoerai,8
Bulletje En Boonestaak (Arbeiderspers 3e Reeks),8
James Bond (Semic),8
Kuifje Monografie�n,8
Suske En Wiske Weekblad Stripspeciaal,8
De Meesters Van De Gerst,8
Vigor,8
Pandora Box,8
Mega Stripboeken,8
Ketje En Co,8
Opaal,8
Alles Van W.Vance,8
Dick Herisson,8
Nash,8
Losstaande Albums Van Hugo Pratt,8
Andr� Van Duin,8
Superboy En Het Legioen Der Superhelden,8
Sofaletta,8
Ultimate Spider,8
Nederlandse Stripparels,7
Dallas Barr,7
Halloween Blues,7
Drakenbloed,7
Barracuda,7
Mauro Caldi,7
Quetzalcoatl,7
Sisco,7
Collectie Carr�,7
Brabant Strip Magazine,7
Lo�c Francoeur,7
Pinnie En Tinnie,7
Malefosse,7
Crimson,7
Witte Tijgerin,7
Oscar En Isidoor,7
Divine Right,7
Tom Poes En Heer Bommel (Illegale Uitgaven),7
Wielergek!,7
De Rioolkoninkjes,7
Creepy (Tijdschrift),7
Collectie Grand Cru,7
Vlad,7
Kobe De Koe,7
Dance Academy,7
Fantoom,7
Strip Krant,7
Carland Cross,7
De Onbegrepen Rauwe Bonk,7
De Hemelsluizen,7
Collectie Derib,7
Ziggy,7
Dierenriem,7
De Brozems,7
Historische Strips,7
Willeke,7
Beeldscherm Classics,7
De Avonturen Van Een Dappere Musketier,7
Rock Derby,7
Taka Takata,7
75,7
Atalante,7
Falco En Donjon,7
Zilverpijl,7
"Krijgsheren, De",7
Nou Nou,7
The Pontiac Review,7
Het Beste Uit Robbedoes,7
Collectie Stip Strip,7
Corentin,7
De Kinderen Van De Wind,7
Robbedoes Speciaal,7
Batman (Ge�llustreerde Pers,7
Casus,7
Plankgas,7
Thriller Series,7
Elfquest De Verborgen Jaren,7
Airborne 44,7
Spirit Of The Tao,7
Tweety En Silvester,7
De Krijgsheren,7
Hoempapa,7
Axa,7
MAD Pocket,7
De Geverniste Vernepelingskes,7
Lincoln,7
Schimmenspel,7
Stefan Clement,7
Bietel,7
De Strijd Der Planeten,7
Suldaat Maffe,7
De Avonturen Van  De 3L,7
De Dru�den,7
De Zeven Levens Van De Sperwer,7
Brammetje Bram,7
Snoe En Snolleke,7
Stedenstrip,7
Carthago,7
Arme Lampil,7
Donald Duck Reclame Uitgaven,7
De Pijl Van Nemrod,7
De Partizanen,7
De Ravottersclub,7
Kruistocht,7
Jacques Vermeire,7
Outlaw Kid,7
Black Op,7
Collectie Luna,7
Bud Broadway,7
Het Jaar Van De Olifant,7
Kazandou,7
"Bloed Van De Porphyres, Het",7
Cr�ation,7
Kartoen Erotiekreeks,7
De Rovers Van Keizerrijken,7
Het Monster Van Frankenstein,7
In De Gekleurde Omelet,7
Kaamelott,7
Collectie Kronos,7
De Nieuwe IJstijd,7
Dani Futuro,7
Kraaienhove,7
Ridder Walder,7
Collectie Fenix,7
20th Century Boys,7
Alter Ego,7
Borgia,7
Kapitein Sabel,7
Kiko,7
Bosliefje,7
Collectie Candy Girls,7
"Jan, Jans En De Huisdieren",7
Tumac,7
Belevenissen V Govert Suurbier,7
Magazine 2000,7
Hansje,7
Het Graf Van Dracula,7
TV Classics,7
Losstaande Albums Van Jiro Taniguchi,7
Fox,7
Flintstones Stripmaandblad,7
Collectie TeGek,7
De Janitor,7
Dwaaskop,7
Tim Zonder Vrees,7
De Erotische Wereld Van Stanton,7
Mickey's Verkeersclub,7
Karzan,7
Arboris Stripselectie,7
De Boeken Van De Zieners,6
Collectie Tango,6
Ars�ne Lupin,6
Costa,6
Dantes,6
Star Wars (DDB),6
Een Avontuur Van Condor,6
Valentina,6
Casper Classics,6
Muppet Babies,6
Oltretomba,6
Jupiter,6
Losstaande Albums Van Tom Bouden,6
Tony Stark,6
Haagse Harry,6
"Beproeving, De",6
Panda (Skarabee Pockets),6
Spirit,6
De Barbaren,6
His Majesty's Ship,6
Superhelden Parade,6
I.R.$. All Watcher,6
Stripromans,6
Ringo,6
Commando Superstrip,6
Curse Of The Spawn,6
Donald Duck Foodboek,6
Tamara,6
Cowboy Henk,6
De Prins Van De Nacht,6
Familie Fortuin,6
Messenger,6
Collectie Code,6
Elfen,6
High Security,6
Mickey Mouse & Donald Duck,6
Fonds Cobra,6
Tom Poes (Stichting De Lezer),6
Altor,6
Hellboy,6
Legende,6
Rani,6
De Avonturen Van Labourdets,6
De Hagenridder,6
Universal War One,6
Okay Album,6
Ketelbinkie,6
"Beep Beep, The Road Runner",6
De Kriegels,6
Peter Pan,6
Akira,6
Dolf Staal,6
Roboboy,6
Fog,6
Kid Colt,6
Death Note,6
Lois,6
M,6
Oltretomba Speciaal,6
Charlie Chaplin,6
Oorlog En Liefde,6
Tante Zenobie,6
Berthet,6
De Onaantastbaren,6
Arno,6
Attila... Mijn Geliefde,6
Gipsy,6
Blook,6
SAS,6
P�ma Ling,6
Mandrill,6
Walt Disney's Stripreeks,6
Arctica,6
Margriets Mini Duck,6
Sjef Van Oekel,6
Waar Denken Ze Aan,6
Battle Chasers,6
Eva & Adam,6
Het IJzermasker,6
Tom Tempo,6
Sisters,6
Het Huis Kwant,6
Millennium MM Collectie,6
Samber,6
Figaro,6
Tatjana K.,6
De Sleutel Van Het Mysterie,6
Losstaande Albums Van Barbara Stok,6
Gwenny En Florian,6
De Musketiers,6
Classix,6
Ludo,6
Starlet,6
Uur U,6
Vincent Larcher,6
Fathom,6
De Clan Van De Draak,6
De Sliert,6
Karaat,6
Roodoog,6
Voetbalgek!,6
Batman (Junior,6
Roodhaar,6
Panda (Oberon),6
Paulette,6
De Blauwe Hagedis,6
De Gentlemen,6
Kwynk,6
El Ni�o,6
Eug�ne,6
Cori De Scheepsjongen,6
Vanessa,6
Het Is Groen En Het..,6
ThunderCats,6
De Wet Van De 12 Tafelen,6
Oki,6
De Klaagzang Van De Verloren Gewesten,6
Oorlog Superstrip,6
Rebels,6
Dubbelmasker,6
Hoshin Engi,6
De Cyclus Van Cyann,6
Mendoza Colt,6
Appie Happie,6
Een Man Een Avontuur,6
Francois Jullien,6
De Blanke Lama,6
Bob Morane (Illegale Uitgaven Lama),6
De Tovenaar Van Oz,6
Losstaande Albums Van Chiqui De La Fuente,6
Apostata,6
De Toonders,6
Ze Waren Met Tien,6
Maverick,6
De Familie Kwaal,6
Conan De Weg Der Koningen,6
Hedge Fund,6
Koning Snotneus,6
Collectie Prestige,6
Geschiedenisstrip,6
De Oorlog Van De Sambers,6
Timon Van De Velden,6
Losstaande Albums Van Fran�ois Schuiten,6
Cargo,6
Buldog Reeks,6
Stripboekgeschenk,6
Suus & Sas,6
Erwin,6
Stichting Eureducation,6
Watchmen,6
Woestijnschorpioenen,6
W.E.S.T.,6
Bulletje En Boonestaak (Arbeiderspers 4e Reeks),6
Ufo,6
Aya Uit Yopougon,6
De Goden Uit Het Heelal,6
Druuna Obsessions,6
Eikels,6
Mask,6
Donald Duck De Jonge Jaren Van Mickey & Donald,6
Donjon Zenit,6
Doodsbang,6
Nemesis,5
N�v�,5
Quintett,5
Doc Silver,5
Pandora,5
Ragebol,5
De Laatste Tempelier,5
Erg�n De Dolende,5
Zwarte Hengst,5
Oknam,5
Sky,5
Superman (Ehapa),5
Donald Duck Mini Pocket,5
Hispa�ola,5
Violine,5
Xoco,5
Mick Mac Adam,5
Karl The Viking,5
De Erfgenaam,5
Ernie Pike,5
Willie Wildebras,5
Donald Duck Sterstrip,5
MX,5
Sarah & Robin,5
Verre Werelden,5
De Donkere Toren,5
Fam. Suikerbuik,5
Major Arcanum,5
Pipo De Clown,5
Reclame Uitgaven Rode Kruis,5
Mokie En Popie,5
Bart Simpson,5
Dombo,5
Blacksad,5
Collectie Savanne,5
De Jonge Jaren Van Roodbaard,5
Eppo Sterstrip,5
Reclame Uitgaven Friesche Vlag,5
De Khan,5
Liefde En Geluk,5
Anahire,5
Gutsman Comics,5
Collectie Rood,5
De Avonturen Van Gully,5
De Bewaker Van De Lans,5
"Krijgers Van God, De",5
The Black Hawk Line,5
De Lotgenoten,5
"De Avonturen Van Jo, Suus & Jokko",5
"Lotgenoten, De",5
Haas,5
Kronieken Van Panchrysia,5
Losstaande Albums Van Guido Crepax,5
Bert,5
Krobbels,5
"T�rhn, De Sterrenprins",5
Mooie Navels,5
Berlijn,5
Mieleke Melleke Mol,5
Thomas Noland,5
Betty & Dodge,5
Serie 344,5
Winnetou (Spaarnestad),5
Floris,5
Rip Kirby,5
Alvin Norge,5
Cristal,5
Maigret,5
Robocop,5
Student Tijloos,5
Aldebaran,5
SF & Erotiek,5
Vliegende Tijgers,5
Dilbert,5
Paper (tijdschrift),5
Bob Evers,5
Humpo Hotsflots,5
Lou Cale,5
Tom Tiger + Co,5
Buffalo Bill,5
Marlysa,5
Pukkie Planta,5
Swamp Thing,5
Van Nul Tot Nu,5
Bulletje En Boonestaak (Boumaar),5
Rattekopje,5
Dracula,5
Betelgeuze,5
De Avonturen Van Charlotte,5
De Legende Van Het Wisselkind,5
Acribor�a,5
Historische Personages,5
Strip Mix,5
Vergeten Jungle,5
Losstaande Albums Van Paolo Eleuterie Serpieri,5
Arin En Het Volk Van De Hunebedbouwers,5
Ivor,5
Alice En Leopold,5
"Rogon, De Witte Wolf",5
Het Derde Testament,5
Millennium,5
De Getekende,5
Golden Cup,5
Agatha Christie,5
Plankgas En Plastronneke,5
Ramtamtam En Kierikieli,5
Plukje,5
Ardeur,5
Motor Boys,5
Y The Last Man,5
Jean,5
Robin Hood,5
Tyndall,5
Losstaande Albums Van Evert Geradts,5
Kinky & Cosy,5
Wipperoen,5
Dolgedraaid,5
Fred Julsing Vertelt Een Sprookje...,5
De Bijbel,5
Donjon Avondschemer,5
USA,5
Losstaande Albums Van Hein De Kort,5
Antares,5
Giuseppe Bergman,5
"Verbijsterende Hulk Pocket, De",5
Shane,5
Freaks School,5
"Kiekeboes, De",5
Losstaande Albums Van Claude Auclair,5
Fabien M.,5
Reclame Uitgaven Kruidvat,5
Samoerai Legenden,5
De Lemen Troon,5
De Oneven Orde,5
De Avonturen Van Rud Hart,5
Sgt. Rock,5
Daffy & Co,5
Hugo,5
Reclame Uitgaven Presto Print,5
Skoebiedoe Classics,5
Olle Kapoen,5
Telekids Winterboeken,5
Parker & Badger,5
De Groene Koning,5
De Meta Robots,5
Cannon Oorlogsstrip,5
Het Kristallen Zwaard,5
Losstaande Albums Van Fred De Heij,5
Sam Lawry,5
Er Was Eens Een Voorbijganger,5
Slemper En Slof,5
De Bende Van Jan De Lichte,5
Namibia,5
Linke Loetje,5
Grote Pyr,5
Takuan,5
Jack Pott,5
Bizu,5
Nelson,5
Wanted,5
Bob Crack,5
Dottie,5
Zipi En Zapi,5
De Verbijsterende Hulk Pocket,5
Malemort,5
Garulfo,5
Geheime Brigade,5
De Goudsmid,5
Magic The Gathering,5
Opa,5
Volwassene Reeks,5
Bloederige Verhalen,5
De Bijbel In Strip,5
Domino,5
Lanfeust Odyssey,5
Kenya,5
Caleidoscoop,5
Kees En Klaas,5
Challenger,5
Harald De Viking,5
ApocalypseMania,5
De Kapers Van Alcibiades,5
January Jones,5
De Grote Dode,5
Fulgor,5
Op Zoek Naar De Verloren Tijd,5
Strippocket,5
Campus,5
Tom Carbon,5
De Roos & Het Kruis,5
Ta� Dor,5
Lou Smog,5
Edmund Bell,5
Dig En Dag Op Stap,5
Losstaande Albums Van Edmond Baudoin,5
"Nicolas Eymerich, Inquisiteur",5
Tombelaine,5
Mega Mindy,5
Legenden Van Troy,5
Tar,5
Blondie En Blinkie,5
Dennis Classics,5
Luuk Sterrekers,5
Oh! Lieve Hemel,5
"Joodse Brigade, De",5
Tekko Taks,5
New Kids On The Block,5
Santiag,5
Zone 5300,5
Castel Armer,5
Lijst 66,5
Ridder Roodhart,5
De Leukebroeders,4
De Lustige Kapoentjes,4
Klauw... De Ongeslagene!,4
Losstaande Albums Van Hans Georg Kresse,4
Slhoka,4
Wellington Wish,4
Dientje,4
Losstaande Albums Van Claire Bretecher,4
Surcouf,4
Merlijn Queeste Naar Het Zwaard,4
Jungle Reeks,4
Roxalane,4
Flynn,4
Maus,4
Peggy Album,4
Frank Lincoln,4
Frank Cappa,4
Jonne,4
Reclame Uitgaven Biotex,4
Steve Drake,4
Erik En Opa,4
Mr Bean Stripalbum,4
Witte Klauw,4
Arboris Exclusief,4
De Fleury,4
Losstaande Albums Van Marc,4
Agent X9 (Tijdschrift),4
De Avonturen Van Commissaris San,4
Sjors en Sjimmie Stripblad,4
SjoSji Striparazzi,4
Ukkie,4
Cotton Kid,4
De Andere Wereld,4
Gen Barrevoets In Hiroshima,4
Malheig,4
De Heer Vastenavond Van As,4
Donito,4
Korrigans,4
Excalibur,4
Girlz,4
Jaguar,4
Casanova Reeks,4
Herinneringen Aan De Grande Arm�e,4
Isaac De Piraat,4
Wuivende Veder,4
Kr�n,4
Metropoles,4
De Verschrikkelijke Paus,4
Sundance,4
Zwartkijken,4
De Cartografen,4
Yin Yang,4
De Vloek Van Amber,4
Rourke,4
Tiels Flipje,4
Uit Liefde Voor De Kunst,4
Exterminator 17,4
Sem & Ishtar,4
Ch�teaux Bordeaux,4
Schatkamer,4
De Weerwolven,4
Get Ready!,4
Jolanda,4
StripNieuws,4
Noach,4
De Schakelaar,4
Billy Wild,4
Joris Jofel,4
Labyrinten,4
Spervuur,4
Little Nemo,4
Married With Children,4
Bunker,4
Juan Solo,4
De Moker,4
De Wereld Van Lucie,4
Losstaande Albums Van Annie Goetzinger,4
Rising Stars,4
Senmoet De Egyptenaar,4
Andrax,4
Brommy & Tommy,4
Gil Sinclair,4
Het Verbond Der Opalen,4
Polstar,4
Rolf Karsten,4
Troll,4
De Adelaars Van Rome,4
De Witte Ridder (Witte Ruiter),4
Strip Voor Beginnende Lezers,4
Dolfi,4
Donjon Parade,4
Killroy Was Here,4
Professor Bell,4
De Blauwe Stripreeks,4
De Spirit,4
Jurassic Park,4
Biep En Zwiep,4
De Stem Van Het Volk,4
Kaap Hoorn,4
Ben Hur,4
De Helse Meute,4
Naar Gravin De S�gur,4
Pablo,4
Ella Mah�,4
Galop,4
D.N.A.,4
Steven Severijn,4
De Laatste Profetie,4
De Verlichte Markiezin,4
Zwaar Metaal (Tijdschrift),4
De Gefrustreerden,4
"Aurora & Ulysses, Centauren",4
Samba Bugatti,4
Aloha (Tijdschrift),4
De Chninkel,4
De Fabeltjeskrant (Tijdschrift),4
De Dagelijkse Worsteling,4
Legende Van De Scharlaken Wolken,4
Arvandor,4
Terror,4
Prof Cr�ghel,4
Reign,4
De Overlevende,4
De Slaap Van Het Monster,4
Black Hills,4
Hammerfall,4
Kabouter Plop,4
Kuifje Collectie,4
Mariska Star Special,4
Colby,4
Cross Fire,4
De Stormtroepen,4
Donald Duck 30 Zondagse Avonturen,4
Wonder Woman,4
Frank Margerin,4
Spook,4
Kapitein Marvel,4
Matt�o,4
Apache,4
Een Avontuur Van Jacques Gallard,4
Alban,4
De Saint,4
Patje Van Het Groenewoud,4
Tamba,4
"Tessa, Intergalactische Agente",4
Larry Yuma,4
Medea,4
Pumby (Tijdschrift),4
Donald Duck De Zware Jongens,4
Eldorado,4
Kleine Hiawatha,4
Chinees Rood,4
De Onoverwinnelijke Ijzerman,4
Necromancy,4
De Kleine Prins,4
Donjon Monsters,4
Geheim Van De Tijd,4
Losstaande Albums Van Theo Van Den Boogaard,4
De Expert,4
Dungeons & Dragons,4
Fanny En Co,4
Jonkvrouwe Bussums,4
Ketens Van Vuur,4
Overlevenden,4
Een Avontuur Van Marc Meester,4
Jules Verne's,4
Dick Bos (Ter Hagen),4
Caesar En Josientje,4
Sectie R,4
De Kiem Van De Waanzin,4
Felix,4
De Steel Angels,4
Hasta La Victoria,4
De Vierde Kracht,4
Monsieur Wens,4
Servitude,4
Heer Der Dolende Zielen,4
Kaasheld,4
De Nieuwe Tsaren,4
Het Laatste Nieuws,4
Brian Howell,4
De Eenhoorn,4
Follies Plus,4
Koning Eenoog,4
Orion,4
Ster,4
Urbanus,4
Verdwaald In Het Verleden,4
De Lincoln Branch,4
De Mysteries Van Osiris,4
Lance Crow Dog,4
Norbert & Kari,4
Snippers,4
Boven De Wolken,4
Losstaande Albums Van Joost Swarte,4
De Avonturen Van Judi,4
Droppie Water,4
Mika,4
Sabbatini,4
Losstaande Albums Van Charles Burns,4
Makabi,4
Peer De Plintkabouter,4
Titia En Pijpelijn,4
De Avonturen In Diamantland,4
Sneeuwwitje En De Zeven Dwergen,4
Cycloop,4
Clownvisje,4
De Grote Rivier,4
Monster,4
Conquistador,4
Bandon�on,4
Lobbes,4
Losstaande Albums Van Floris Oudshoorn,4
Woogee,4
Sienna,4
Bloodline,4
Bob De Moor Reeks,4
Bob Moon En Titania,4
De Kat Van De Rabbijn,4
Die Onverbeterlijke Bas,4
Het Geheim Van De 7 Bollen,4
Koblenz,4
"Verbond Der Opalen, Het",4
XIII mystery,4
Avontuur Classics (Tweede Reeks),4
Alim De Leerlooier,4
Kapitein Ketchup,4
Tan�tos,4
Heathcliff,4
De Duivels Van Alexia,4
De Paden Van De Roem,4
Losstaande Albums Van Piet Wijn,4
Leo Loden,4
Woody Woodpecker (Classics),4
Lieve Kerstman,4
Kasper,4
Celadon Run,4
Zombies,4
Amerikaanse Avonturenreeks,4
Blauwe Sperwer,4
Er Was Eens,4
Favole,4
Gorn,4
Danger Girl,4
Meneer Edouard,4
Orphanimo!!,4
Witzend,4
De Avonturen Van Diogenes De Terri�r,4
Durandal,4
Freddy Lombard,4
Islandia,4
Schemerzwervers,4
Zwart Bloed,4
De Vijf,4
Ed En Ad,4
Kappie (Vaderland),4
De Regelaar,4
De Mazdabende,4
De Aquanauten,4
Vlooienbaal,4
De Rode Keizerin,4
The Garfield Show,4
Delgadito,4
Cupido Classics,4
Losstaande Albums Van Guido Van Driel,4
Rooie Oortjes Vakantie Album,4
Edelweiss,4
De Aasgieren,4
Insiders Genesis,4
Sektor,4
Ukje,4
Block 109,4
Witte Nacht,4
Flor De Luna,4
Wollodr�n,4
Orbital,4
CentriPress Klassieken Reeks,4
Michael Logan,4
Ravine,4
Johan Pikbroek,4
The House Of Mystery Special,4
Spawn The Undead,4
Jakke En Silvester,4
Ohee Club,4
Silvester Van Rochefort,4
Liberty,4
Moeder Oorlog,4
Atlantis,4
Lange Wapper,4
Sin City,4
Hultrasson,4
Sherpa,4
14,4
Het Bordenvolkje,4
Historische Verhalen,4
Het Laatste Jungleboek,4
Anna Stein,4
De Infinity Gauntlet,4
Black Crow Vertelt,4
Mickey Mouse (Dark Dragon Books),4
Oekaze,4
Alexis,4
Attila,4
Long John Silver,4
Losstaande Albums Van Frans Pi�t,4
De Avonden,4
"Horre, Harm En Hella",4
Nefriti,4
Ik Ben Een Kathaar,4
Boss En Bolle,4
Kroniek Der Guldensporenslag,4
De Broertjes Samovarof & Co.,4
Rosco De Roode,4
Kapoentjes Album,4
Een Avontuur Van Willem Peper,4
Teenage Mutant Ninja Turtles (Dark Dragon),4
Losstaande Albums Van Luis Royo,4
De Idee�n_Dealer,4
De Ontdekking Van De Wereld,4
Claudia De Vampierridder,4
Crazy (Tijdschrift),4
Cartoon Network Strip,4
De Slavinnen,4
Voorbij De Steen,4
Chiwana,3
De Bank,3
Heldendaden Van Poison Ivy,3
Poesie,3
Spiritus Et Sancti,3
Uchronie(s) New Byzance,3
Tosca,3
Troubadour,3
Cixi Van Troy,3
De Avonturen Van Pa Pinkelman En Tante Pollewop,3
Wilson,3
Adrianus,3
De Nieuwe Avonturen Van Clifton,3
Reclame Uitgaven PTT Post,3
Zoo Ik Was,3
't Prinske,3
Kind Van Het Onweer,3
Nino,3
De Kinderen Van De Salamander,3
Oom Donald Vertelt,3
Zwarte Trilogie,3
Donald Duck Albert Heijn Editie,3
Magika,3
AmeriKKKa,3
De Schilden Van Mars,3
Headshot,3
Het Theorema Van Bell,3
Marion,3
Tina Sterstrip,3
"Almanak, De",3
Paradise,3
Professor Palmboom,3
De Verhalen Van Oom Wim,3
Godfried Van Bouillon,3
Kappie (Wolters,3
Marine,3
Taboe,3
De Rode Duivels,3
Lipstick,3
"Napoleon Solo, De Man Van U.N.C.L.E.",3
Winnetou (Amsterdam Boek),3
ABC Warriors,3
De Infinity War,3
De Sterre,3
Piraten,3
Losstaande Albums Van Dieter Com�s,3
Slag Om Arnhem September 1944,3
James Healer,3
Lekker Lachen,3
Reclame Uitgaven Instituut Van De Onderneming,3
Sinbad,3
La�yna,3
Omnopolis,3
Koud Licht (De Lotgevallen Van Lou Chryso�e),3
Winnie De Poeh,3
Bastos & Zakousky,3
De Avonturen Van Mathias,3
De Bodem Van De Wereld,3
De Wegen Van De Heer,3
Nahomi,3
Cel Financi�n,3
Rails,3
De Feul,3
Het Einde Der Tijden,3
Losstaande Albums Van Bernhard Willem Holtrop,3
Meneer Johan,3
Julia Von Kleist,3
Vlotvetter & Van Krampen,3
Persepolis,3
World Of Warcraft,3
De Tempelier,3
De Zwarte Lelie,3
Jonge Woudlopers Avonturenboek,3
The Smokehouse Five,3
Box,3
Golden Dogs,3
Mechanisch Land,3
Bankgeheimen USA,3
Atlantis Experiment,3
Claudia Br�cken,3
Het Meisje En De Wind,3
Senne & Sanne,3
Westernreeks,3
Berezina,3
Hannah,3
De Eeuw Der Schimmen,3
Vicky (Baldakijn),3
Bert J. Prulleman,3
Beatifica Blues,3
De Avonturen Van Dieter Lumpen,3
"Ethan Ringler, Federal Agent",3
Galfalek,3
De Lokroep Van De Roots,3
De Nachtuil,3
Het Chimpansee Syndroom,3
Panda (Wolters,3
Science Fiction Magazine,3
Karma Salsa,3
Onuitgegeven Toppers,3
De Gezellen Van De Schemering,3
De Woensdagavondsessies,3
De Oorlog Van Alan,3
Killers,3
Marshal Blueberry,3
Sjokkie,3
Coplan In Beeld,3
De Daverende Dingen Dezer Dagen,3
Hartendief,3
Tom Poes (Big Baloon),3
De Vliegende Hollander,3
Losstaande Albums Van Prado,3
Sjaak En Oom George,3
Belem,3
Piet Pelle,3
De Bannelingen Van De Aarde,3
Nikodemus Wittebrink,3
Plunk!,3
De Scenario's Van Martin Lodewijk,3
Diamanten,3
Hij Die Tweemaal Geboren Werd,3
Jan Zonder Vrees,3
Max London,3
Solange,3
De Bamburgers,3
Donald Duck De Jeugdjaren Van Mickey & Donald,3
Knokkers Zonder Grenzen,3
Ada Enigma,3
Cinjis Qan,3
Pythagoras,3
Robbedoes Album,3
Professor Stratus,3
Vertongen & Co,3
William Hazehart,3
De Avonturen Van Marcopol En Gondolex,3
Sjosji Extra,3
"Askell, De Waterwereld",3
De Tombe Van Alexander,3
Genetiks,3
"Otto, Olivier En Oscar",3
T.V. Strip,3
Toos & Henk,3
Andreas De Florentijn,3
Boing (Tijdschrift),3
De Veroveraars Van Troy,3
Gummieberen,3
Tijl Uilenspiegel,3
Bird,3
Gevilde Nachten,3
Kruisvaart,3
Welkom In Boboland,3
Pluto,3
Sjakie (Tijdschrift),3
De Autoreportages Van Margot,3
Esm�ralda,3
Geharrebar,3
Hannibal Meriadec En De Tranen Van Odin,3
Het Merkteken Van De Heks,3
Kapitein Moulin Rouge,3
Legioen (Kronieken Van Legioen),3
Frommeltje En Voila,3
Heldorado,3
Sam Bracken,3
Sha,3
Avonturen Van Bim,3
De Infinity Crusade,3
Losstaande Albums Van Marcel Gotlib,3
Reclame Uitgaven Citro�n,3
Alzeor Mondraggo,3
Cossu,3
De Sterrenjagers,3
Losstaande Albums Van Marc Verhaegen,3
Sjanghai,3
Billy Bonbon,3
De Avonturen Van Tom Toedeloe,3
Elixers,3
Promotionele Uitgaven Europese Unie,3
Joepie Meloen En Jelle Pompoen,3
Kapitein Rogers,3
Vleugels Van Lood,3
War And Dreams,3
Wayne Thunder,3
De Blauwe Verten,3
Empire,3
Furore,3
Hazel En Ogan,3
Jason Brice,3
V,3
Wat 'n Klotedag,3
Falka,3
Het Onderzoek Van Scapola,3
Fulu,3
De Kid,3
De Meestersteenhouwer,3
De Cyclus Van De Twee Horizonten,3
Het Felix Flux Museum,3
Losstaande Albums Van Gerrit De Jager,3
Ginger,3
Waanzin Waanzuit,3
Spring,3
Giovani,3
Hemelzuilen,3
Tripje En Liezebertha,3
Excalibur Kronieken,3
Noord,3
Commando,3
De Legenden Van Korrigan,3
Kwaidan,3
Tom & Jerry (Reclame Eru),3
Uchronie(s) New York,3
De Avonturen Van Tommeke,3
De Erfenis Van Emilie,3
De Glazen Degens,3
De Herberg Aan Het Eind Van De Wereld,3
Fanfarax,3
"WIlde Westen, Het",3
Ali Bamba,3
Goudvreter,3
Z�ro Absolu,3
De Schim,3
Elsa,3
S.O.S. Geluk,3
Catherine,3
Ice Age,3
Viktor & Frenky,3
Frank Valk,3
In De Ban Van De Ring,3
Jon Rohner,3
Clara,3
Precinct 77,3
Timo,3
De Hel Van Het Oostfront,3
De Poolster,3
De Rochesters,3
Dennis (Zuid,3
Dommel (Tijdschrift),3
Spookmaterie,3
Uchronie(s) New Harlem,3
"Conan, De Weg Der Koningen",3
Metamorfose,3
Missi Dominici,3
Brougue,3
De Fantastische Avonturen Van Edgar Poe,3
Lila En Merijn,3
Hard Tegen Hard,3
Het Maagdenbos,3
De Schaduw En Het Vuur,3
Extra Muros,3
Hassan En Kaddoer,3
Alex Senator,3
Losstaande Albums Van Jeronaton,3
Megalex,3
Nicky Saxx,3
Eloy,3
Orinoco,3
Ray Norton,3
Yakuza,3
Azul Collectie,3
De Schilderleraar,3
Tandori,3
Het Uitstel,3
Stripbaby's,3
Bert En Bobje,3
Doggyguard,3
Stoute Benjamin,3
Tatanka,3
Barbara Kruidje,3
De Avonturen Van Pisarro,3
"Boek Der Onsterfelijken, Het",3
Familie Gnuff,3
Van Coover,3
Het Vlindernetwerk,3
Hong Kong Triad,3
Rock Vanguard,3
Dread Mac Farlane,3
Barbapapa (Tijdschrift),3
Carmen Mc Callum,3
Metronom,3
Superstrips In Mini,3
Virl,3
Baxter,3
De Maltezer,3
De Laatste Kathaar,3
Linkerhanden,3
De Vier Moordenaars,3
Pandemonium,3
William Panama,3
Woefie,3
Kroniek Der Onsterfelijken,3
Missouri,3
Taptoe Jaargang 1981,3
De Dochters Van Afrodite,3
Losstaande Albums Van Derib,3
Piratenvlag,3
Tomb Raider (DDB),3
De Vrienden Van Saltiel,3
Jackson,3
Agence Hardy,3
Pyramides,3
Starbuck,3
Teenage Mutant Ninja Turtles,3
De Vijand,3
Duisternis,3
Het Narrenschip,3
Osnira,3
De Baby,3
Foc,3
Dock 21,3
Jodocus De Barbaar,3
Exit,3
Septentryon,3
Zorro (Amsterdam Boek),3
Bobobobs,3
Kaput En Z�sky,3
Ratafia,3
Gezellig En Leuk,3
Loranne,3
Para,3
De Zang Der Elfen,3
Hartjes,3
Outlaw,3
Witte Termiet,3
Enzi,3
Reclame Uitgaven Efteling,3
Margo En Oscar Pluis,3
De Panters,3
De Comeback Van De Fret,3
Fantomas,3
Harlekijn,3
Hartenbloed,3
Thierry La Fronde,3
Broer Konijn,3
Gord,3
Scott Zombi,3
Black Orchid,3
Agency Interpol,3
Joris Jasper,3
Losstaande Albums Van Peter De Wit,3
Tarawa,3
Het Kleine Volkje,3
Losstaande Albums Van Peter De Smet,3
Mr Bean Stripmagazine,3
Slum Nation,3
Troje,3
IJzersnavel,3
S.T.A.R.,3
De Rode Adelaar,3
Francis Albany,3
Cyberkiller,3
Een Paar Stappen Naar Het Licht,3
Deka Vakantieboek,3
Gastoon,3
Rooie Oortjes Sprookjes Parodiereeks,3
Claymore,3
De Keuken Van De Duivel,3
Aleph,3
Avatar De Legende Van Aang,3
De Beproeving,3
Silex Files,3
Zij,3
De Aantekeningen Van Darwin,3
Het Pad Van De Schimmen,3
Suske En Wiske X,3
Sagen Van De Tafelronde,3
Snoopy Magazine,3
Beestenbende,3
Donald Duck Big Fun,3
Howard Flynn,3
De Plaag,3
Meesters Van Het Spel,3
Zoo,3
Boes Fikst 't Wel! (Tijdschrift),3
Aberzen,3
Baron Van Tast Tot Zeveren,3
De Negen Van Het Godshuis,3
De Daverende Daden Van Dees Dubbel En Cesar,3
Kid Lucky,3
Codex Ang�licus,3
De Legende Van Manos Kelly,3
Een Nieuw Begin,3
Spoon & White,3
Heersers Van De Natuur,3
Magnum Special,3
Myra Van Dijk,3
Ralph Azham,3
Tom Patapom,3
Venus H.,3
Black Beauty,3
Dennis,3
In Het Land Van Horus,3
Krijgers Van Het Schaduwrijk,3
Oktoknopie,3
"Tijs Wijs, De Torenwachter",3
Coma,3
Frankenstein,3
Donjon Ochtendgloren,3
Japik De Sexmaniak,3
Kleine Vampier,3
Merlijn,3
Arcadia Archief,3
De Holle Aardes,3
De Klauwen Van Het Moeras,3
Gouden Sprookje Classics,3
Inlandsis,3
Mister No,3
Tom & Jerry (Reclame Witte,3
De Nachtmerrie Van Een Marionet,3
Ren & Stimpy,3
Sulle Hooms,3
Dokter Monge,3
Egel En Muis,3
De Snorkels,3
De Jacopootjes,3
In De Schaduw Van De Zon,3
Jonker Fris,3
Superman (RW),3
Grand Prix (Dargaud),3
Losstaande Albums Van Aad Labadie,3
Sir Arthur Benton,3
Boot & Van Dijk,3
"Heren Van Cornwall, De",3
Tonius,3
De Geest Van Warren,3
Losstaande Albums Van Paul Teng,3
Quicky,3
Amiante,3
De Drakenorde,3
Het Bloed Van De Porphyres,3
Scorpio,3
Joker,3
Littekens,3
Losstaande Albums Van Will Eisner,3
Bestemming Peru,3
Niky,3
De Eeuwige Oorlog,3
Kermis Der Onsterfelijken,3
TNT,3
Dexter London,3
Het Pad Van Jessica,3
Het Rad,3
Suske En Wiske Dubbelstrip,3
Fred Penner,3
Heiligdom,3
Cathy,3
Doortje Stoot,3
Schaduwland,3
Tower,3
De Wet Van De Kanun,3
Mexicana,3
Max,3
Minerva Serie,3
"Rik, Clio En Pluk",3
Kroniek Van De Nacht Der Tijden,3
Transmetropolitan,3
Zwarte Olijven,3
Twins,3
Het Grote Schandaal,3
Trevor Callahan,3
Luxley,3
Zeven Kogels Voor Oxford,3
Quark,3
Albatros,3
Thaneros,3
Boerke,3
De Boss,3
Fann Het Leeuwekind,3
Ken Games,3
Penny Winterboek,3
Yann De Zwerver,3
Alias Ego,3
De Kat,3
Dwarf,3
Marsu Kids,3
Suske En Wiske Clubblad (Tijdschrift),3
De Avonturen Van Giel En Maria,3
Oerbosvertellingen,3
Donald Duck Sinterklaasfeest,3
Hector Umbra,3
Ootje Teur,3
Victus,3
Het Kunstbordeel,3
De Drabbels,3
Halloween,3
Allan Quartermain En De Mijnen Van Koning Salomon,3
De Passanten Van Het Maanlicht,3
Wisher,3
Amargo,2
De Zwarte Hand,2
Kapitein Jojo En Numa,2
Volle Melk,2
De Erfenis Van De Goden,2
Olaf Noord,2
De Heksenhamer,2
De Zaak,2
De Zandmemoor,2
Jennifer Scott,2
Joop Den Uyl,2
Mik,2
Angela En Ren�,2
Hollywood,2
Percevan,2
Telekids Vakantieboeken,2
Aan Het Front,2
Betoverd Veneti�,2
Johnny Congo,2
Losstaande Albums Van Christian Binet,2
Max Faccioni,2
Prophet,2
Rescue Rangers,2
Rick Random,2
Suske En Wiske Winterboek,2
Aspe,2
De Icariaden,2
De Koningsstrijders,2
Losstaande Albums Van Carlos Gim�nez,2
Spacix,2
Wilt,2
"Chancellor, Speurder Van De Toekomst",2
De Laatste Trojaan,2
Elric,2
Pinkerton National Detective,2
Superstrip Omnibus,2
Vampiro,2
Ys De Legende,2
De Geschiedenis Van Het WK Voetbal,2
Donald Duck Snaterlachen,2
Phenomenum,2
3 Maagden,2
Alchemie,2
De Alchimist,2
De Avonturen Van Rick Rolluik,2
De Vleermuis,2
Robbedoes Almanak,2
Uchronie(s),2
Urban,2
Verhalen Van Caza,2
De Sage Van Atlas & Axis,2
Ikar,2
Kelly Green,2
Loretta & Harpeya,2
Losstaande Albums Van Mark Hendriks,2
Pieter Aspe,2
Space Mounties,2
De Campbells,2
De Reis Van De Vaders,2
Phil Bike,2
Carmen Lamour,2
De Almanak,2
From Hell,2
Campus Stellae,2
De Drie Bedriegers,2
De Heren Van Agartha,2
Pit En Puf,2
Tom Poes (J.B. Wolters),2
Acqua Alta,2
Kort Amerikaans,2
Authentieke Herinneringen Van Docteur Myst�re,2
De Lichten Van De Amalou,2
Jimmy Boy,2
Joris Valckenier,2
Appoline,2
Bellary's Vloek,2
Foofur,2
Golias,2
Op Zoek Naar Peter Pan,2
Valcourt,2
Beatrijs En Coen,2
De Fantastic Four Album,2
De Rafale,2
De Franken,2
Het Rijk,2
Kanis W. Lupus,2
Piet & Riet Van De Buis,2
Witte Horizon,2
Black Crow,2
Fox One,2
Rampokan,2
Sjosji,2
De Wetten Van Het Kwaad,2
Arkeod,2
Losstaande Albums Van Robert Crumb,2
Assepoester Vertelt...,2
Al'Togo,2
De Familie Freudipoes,2
De Nieuwe Conny,2
Kort & Triest,2
Yiu,2
Fokkie Flink,2
"Jai, De Jungle",2
Niemandsland,2
H.H.Holmes,2
Het Protocol Van De Moordenaar,2
Saria,2
Vinci,2
De Ouden,2
Familie Piraat,2
Link,2
Ultimate Fantastic Four,2
Appleseed,2
Opsporing Verzocht,2
Sarah (Microbe),2
Semic Primeurs,2
Cryozone,2
De Wraak Van Graaf Skarbek,2
Dik Van Dieren En Zo,2
"Mossad, Special Operations",2
Aafje Anders,2
Bas En Boef,2
Bibi's Vertellingen,2
De Joodse Brigade,2
De Macht Van De Runen,2
Elke Raaf Pikt,2
Keos,2
I.R.$. TEAM,2
Lachwerk,2
Losstaande Albums Van Don Lawrence,2
Orson,2
Suske En Wiske Toeristische Uitgaven,2
Taptoe Winterboek,2
Top Hit Serie,2
Een Doodgewone Waanzin,2
Pitch,2
Spiderman Extra,2
Succubus (Paturaud),2
Aathon,2
De Azuren Boeddha,2
De Vier Ruiters Van De Apocalyps,2
Groom Lake,2
High School Generation,2
Max Martin,2
Cartoon AID,2
Cuervos,2
Rikki Visser,2
Aslak,2
Melmoth,2
Stanley,2
Suske En Wiske Speel,2
De Hemel Boven Brussel,2
Het Edele Drietal,2
Lappie Knijn,2
Red Caps,2
Het Testament Der Tijden,2
Ta,2
Tommy Banco,2
Western Valley,2
Charitas,2
De Buitengewone Avonturen Van Jordan,2
De Zwarte Baron,2
Waar Sprookjes Vandaan Komen,2
Losstaande Albums Van Andreas Martens,2
Argus,2
Fortuinzoekers,2
Losstaande Albums Van Jacques Devos,2
Eefje Wentelteefje,2
Nosferatu,2
Aglaya,2
Dick Van Bil,2
Fuji,2
Cliff Rendall,2
Een Hart Voor Ijsland,2
Een Moordenaar Die Met Vogels Praat,2
Dating For Geeks,2
De Tocht Van De Zeemeeuwen,2
Enterprise Ruimteschip,2
Na�ja,2
Spanningen Bij Het F.B.I.,2
UC Masters,2
Voor Het Ongeluk Geboren,2
De Vrolijke Vijf Van De Edelweiss,2
K�rioth,2
Losstaande Albums Van Jaap De Boer,2
Thriller Magazine,2
Driften,2
Max En Mummie,2
XXe Ciel.com,2
De Avonturen Van Scott Leblanc,2
Jeanne D'arc,2
Losstaande Albums Van Paul Kirchner,2
Orakel,2
De Orde Van Cicero,2
Mountain Mike,2
Reclame Uitgaven Bijenkorf,2
Belladonna,2
Brick Bradford,2
De Laatste Koningin,2
Sirene,2
Het Jaar Van Hein,2
Sasmira,2
Viagraman,2
Azrayen,2
Bitume,2
De Legendari�rs,2
Evangelie Volgens Satan,2
Muri�l En Schroefje,2
Rhaa Lovely,2
Blackwood,2
De Orde Van De Kling,2
Reclame Uitgaven Wibra,2
The Flintstones,2
Green Manor,2
Rikske En Fikske,2
De Vrolijke Bengels,2
De Wind In De Woestijn,2
Barend Terzijde,2
De Heren Van Cornwall,2
Reclame Uitgaven Metaal,2
Starstrip,2
We�na,2
"Adoptie, De",2
Altijd Ergens Oorlog,2
De Avonturen Van Fre Van Der Mugge,2
"Freddy Joubert, Detective",2
Saga Valta,2
Edgar Wallace,2
Eisner Beeldverhalen,2
Ambionix,2
Gorillakronieken,2
Ridder Geert,2
Zilveren Vlam,2
Affodil,2
Anders,2
Conan Kronieken Van Hyboria,2
De Nieuwe Avonturen Van K3,2
Mathai,2
Requiem,2
Walhalla,2
Han & Hanneke,2
Ron Spetter,2
De Draak Van Mons,2
Oerm,2
Tranen Van Ostasis,2
Variant Strips,2
Voetbalstripalbum,2
"Carthago, De Nieuwe Stad",2
Daniel Jaunes,2
De Vergelders Pocket,2
Een Avontuur Van Havank,2
Losstaande Albums Van Maaike Hartjes,2
De Java,2
De Wilde Vlucht,2
Losstaande Albums Van Jan Steeman,2
Rha,2
Scarlet Dream,2
Spettertje,2
Asgard,2
Meccano,2
Sarah,2
TV Stripalbum,2
De Oorlog Van De Lulu's,2
Vinkenbrood,2
Mobilis,2
Rooie Oortjes Nog Niet Eerder Verschenen,2
Sandokan,2
De Narwal,2
De Voyageurs,2
Stripparade,2
"Aspis, Detectives Van Het Ongewone",2
Brice Bolt,2
Reclame Uitgaven Ford,2
Sindbad (Magic Press),2
Undertaker,2
Zombillenium,2
Button Man,2
Muchacho,2
Reality Show,2
Dick Gunner,2
Knabbel En Babbel,2
Mister Robinson,2
Ode Aan Kirihito,2
Rider On The Storm,2
Showman Killer,2
De Gowap,2
De Wereld Van De Hermetische Garage,2
Nico,2
Godenschemering,2
Tina Vakantieboeken,2
Geheim Agent X9,2
Martin Evans,2
Mike Madison,2
De Onzichtbare Man,2
Het Geheugen Van Bamboe,2
Trollen van Troy,2
Black Stone,2
Fables,2
Final Incal,2
Kroost,2
Peanuts,2
Captain Sir Richard Francis Burton,2
De Avonturen Van Julius Chancer,2
De Lustige Lezers,2
Het Leven Van Victor Vallei,2
Johan En Stefan,2
Katoen + Pinbal,2
Lars!,2
Mon En Tuur,2
Dokter Dolittle,2
Fables (RW),2
Taxi,2
Miss Peach,2
Nakara,2
Vrijbuiters,2
De Terugkeer Van Dorian Gray,2
Frank En Drago,2
Khaal,2
Azimut,2
Draken,2
Fatal Jack,2
Otto Graniet,2
Anachron,2
Gringos Locos,2
Losstaande Albums Van Franz Drappier,2
Anita Bomba,2
Canari,2
Losstaande Albums Van Lewis Trondheim,2
Losstaande Albums Van Max Cabanes,2
Raffini,2
Strip+,2
Suske En Wiske Lecturama Collectie,2
Comix,2
De Missionaris,2
Collectie Colt,2
De Gilde,2
Dorian Domber,2
Dracurella,2
Gangster Story Bonnie,2
Lucky Luke (Morris Compleet),2
Silver,2
Vampirissimo,2
"Carol, Detective",2
Julius Antoine,2
Polka,2
Uit Liefde Voor Het Vak,2
Het Pelikaan Protocol,2
Vrouwen En Steden,2
Eden,2
Legioen (Ik Ben Legioen),2
Looney Tunes Lezen En Spelen,2
Man van het Jaar,2
Pedro De Neusbeer,2
Sterke Jan,2
Ikayaki Tomoyo,2
Iris,2
Professor Pi,2
Thomas Rindt,2
Cutie B.,2
Moordenaars,2
Qumran,2
Star Wars door Jeffrey Brown,2
De Guerrilleros,2
De Jonge Woudlopers Vakantieboeken,2
De Kronieken Van De Zwarte Griffioen,2
Donnington,2
Jari,2
De Onsterfelijken,2
Hariti,2
Jong Geweld,2
Kimo En Kaja,2
Kraa,2
Roderik,2
Losstaande Albums Van Peter Nuyten,2
Malone,2
Moesashi,2
Op Zoek Naar Venus,2
Viva Zapapa,2
Vuurboot,2
De Rechter,2
Powerbeast Mini Comix,2
Uchronie(s) New Beijing,2
Vito,2
De Verborgen Grenslijn,2
Het Oog Van De Dobermanns,2
De Herinnering Aan Abraham,2
Inkt (Tijdschrift),2
Semio,2
Simon Langarm,2
Trueno,2
Antarcides,2
KSTR,2
Alamo,2
Irish Coffee,2
Don Quichot De La Mancha,2
"H�, Meisjes!",2
Losstaande Albums Van Andrea Kruis,2
Poezekat,2
Argyll,2
Graphic Novel Collection,2
Intox,2
Kowalsky,2
De Jaden Lotus,2
Gemengd Dubbel,2
Op Drift,2
De Avonturen Van Boro,2
Golden Dawn,2
Toran,2
Casino,2
De Kiekeboes,2
Gotcha,2
Losstaande Albums Van Fred Julsing,2
Shuriken School,2
Torpedo 1936,2
Vrouwtje Theelepel,2
De Furox,2
Korte Grappen,2
Murdervale,2
Barbara Wolf,2
De Vlooien,2
Eco Warriors,2
Episode Editie,2
Ik Ren� Tardi,2
Mandolino,2
20000 Eeuwen Onder Zee,2
Collectie Onze Auteurs,2
Het Ardennen Offensief,2
Leo Roa,2
Tina Winterboeken,2
De Avonturen Van Kim & Eddy,2
De Trollen,2
Bert & Frank,2
Jantje En Carina,2
Mister Black,2
Nova Genesis,2
Oranje,2
Otto,2
Prinses Aster,2
Ria Kronieken Van Het Licht,2
Tom Poes (D.A.V.I.D.),2
Zunie,2
6 Dagen En Sterven,2
Aldo Remy In Opstand,2
Carnivoren,2
Sonetteke,2
Bassie!,2
De Geheime Dagboeken Van Het Vaticaan,2
Mayam,2
Terreur,2
Alexandra,2
Clair,2
Het Leven Van,2
M.A.R.S.,2
Slimmie En Sloffie,2
Bambam & Goliath,2
Cor Morelli,2
Weerwolven Renaissance,2
Western Women,2
De Vloek Van Bangebroek,2
Gus,2
Vortex,2
De Pfaffs,2
Drie Maagden,2
Een Avontuur Zonder Helden,2
Heldenserie,2
Jean Pierre Van Rossem,2
De Gabbers,2
Losstaande Albums Van Shaun Tan,2
Mor�a,2
Red Bridge,2
Thunderhawks,2
De Politie,2
"Jan, Jans En De Kinderen Vakantieboek",2
Lodewijk,2
Pandamonia,2
Toon Ladder,2
De Avonturen Van Bassie En Adriaan,2
Toomai En De Olifant,2
Vieze Sprookjes,2
Voyage To The Bottom Of The Sea,2
De Lijkwade,2
Gaaibaai,2
Raf,2
Reclame Uitgaven ING,2
Shazam Classics,2
Wild River,2
Avonturen Van De Zes,2
Een Zakje Knikkers,2
Mister Hyde Vs. Frankenstein,2
Ondankbare Wereld,2
Stadsvertellingen,2
Zilveren Maan Boven Providence,2
Armagedon,2
De 4de Macht,2
Dick Durfal,2
Vreemde Liefde,2
De Paarden Van De Wind,2
Het Zijn De Klijne Dingen Die Het Doen,2
Nomade,2
Trix,2
Vikings,2
De Legende Der Dorre Gewesten,2
De Pithecantroop In De Koffer,2
Elno,2
Flodder,2
Dit Al Gehoord,2
Giuliano Nero,2
Jerom (Standaard,2
Jim Cutlass,2
De Eeuw der Schimmen,2
Dik Trom,2
Kim,2
Lorna,2
Losstaande Albums Van Stefan Verwey,2
Ring Raiders,2
De Vampier Van Benares,2
De Wegen Van Malefosse,2
Texas Rangers,2
Vigilantes,2
Jan Karta,2
Lova,2
Terug Op Aarde,2
Ward,2
De Toorn Van Fantomas,2
Gringo,2
Honnieponnie,2
Hullie,2
Star Comic,2
Trompetje,2
Het Boek Van Jack,2
Kommando Moustache,2
Sitnalta,2
Fil Marver,2
"Getekend, Marc De Bel",2
Khatedra,2
Losstaande Albums Van Bernard Cosandey,2
Ash,2
O'boys,2
Paul Jester,2
Een Echte Vrouw,2
Grote Vampier,2
Jan Zeiloor En Suusje,2
Orval,2
The Amazing Spider,2
Zentak,2
Bob Marone,2
"Godin Wit, Godin Zwart",2
Multiversity,2
Sorchella,2
Verloren Paradijs,2
Zachary Holmes,2
Losstaande Albums Van Gommaar Timmermans,2
Bakemono,2
De Onschuldige Schuldigen,2
Deep Maurice En Gologan,2
Dodelijke Zone,2
Gusgus,2
Sherlock Holmes & De Vampiers Van Londen,2
Smith & Wesson,2
Hercules,2
"Metabaronnen, De (Castaka)",2
Dubbel M,2
Een Spannend Plem Avontuur,2
Olivier,2
Pardoes,2
Talent Magazine (Tijdschrift),2
Betoveringen,2
Esteban,2
Rooie Oortjes De Beste Strips Van,2
Ster Strips,2
Witness 4,2
Buzz And Bell,2
De Fantastische Rondvaart,2
Uchronie(s) New Delhi,2
Vergeten In Annam,2
Losstaande Albums Van Horacio Altuna,2
Abraham Stone,2
Chelsy,2
De Gezant,2
Machtsspel,2
Anita Jofelalbum,2
Bloedgeheimen,2
De Wachters,2
Losstaande Albums Van Enki Bilal,2
Svoboda!,2
De Wachters Van De Maser,2
Het Gekroonde Hart,2
Het Vervloekte Kind,2
Jerom (Adhemar Gelegenheids Uitgaven),2
Navarra,2
Windkracht 10,2
Broeder Lono,2
Woutertje Pieterse,2
Bliksem,2
Dark,2
Het Boek Der Onsterfelijken,2
Katharen,2
Standaard Vakantiestripboeken,2
Miss Oktober,2
Nick Carter,2
Rooie Oortjes Omnibus,2
Katzenjammerkids,2
Losstaande Albums Van Piet Kroon,2
Losstaande Albums Van Richard Corben,2
Rooie Oortjes Mix,2
Tijger,2
Kruitdamp,2
Losstaande Albums Van Bert Van Der Meij,2
Tim Tuimel,2
De Laatste Fee Van Het Land Van Arvor,2
Jonas Fink,2
Loeki,2
Over De Grenzen Van De Tijd...,2
Suske En Wiske Slim Bekeken,2
Tuimel & Ich,2
Willy Wortel,2
De Avonturen Van Walibi,2
Sindbad,2
Solo,2
Wonder Woman (RW),2
Damocles,2
Fantastic Four Pocket,2
HAND,2
Losstaande Albums Van Pascal Rabat�,2
Saga,2
Stripschrift Special,2
Xan,2
Brendan,2
Het Testament Van Kapitein Crown,2
Nachtelijk Rood,2
Okki Jippo Vakantieboek,2
Ranx,2
Superman Earth One,2
Thorinth,2
Zora,2
Boeken Van Uitgeverij Aphrodite,2
De Markies,2
L�o Tomasini,2
Milana & Arlof,2
Mysteries,2
Red Ryder,2
Bowen Sergeant Major,2
De Gringos,2
Dick Bosch,2
Don Vito,2
Lucky Beeldroman,2
Reclame Uitgaven Lego,2
Shandy,2
Antichrist,2
Blueberry,2
Philip En Francis,2
Splinter Cell Echoes,2
Tom Poes (Reclame 'Friesland'),2
De Avonturen Van Dinkie,2
Erma Jaguar,2
De Eeuwige Reis,2
Grand Prix,2
Het Grote Genot,2
Al Crane,2
Al's Baby,2
Autobio,2
Benson Gate,2
De Leeuw Van Vlaanderen,2
Dorpsverhalen,2
Ivan Casablanca,2
Peggy + Plus,2
Ardoukoba,2
Beeld Van Amok,2
Jeepster,2
Tomb Raider (Dark Dragon),2
Vanity Benz,2
Alwin,2
Collectie Cote D'or,2
De Dromenjagers,2
De Fabriek,2
De Hel Van De Pelgrams,2
Nero Wolfe,2
Alleen Voor Volwassenen,2
De Tranen Van De Duivel,2
Dino's,2
Garfield Met Orson,2
Veerman Tussen De Sterren,2
Vorstenbloed,2
Cranach Van Morganloup,2
De Donderpadjes,2
De Franse Indiaan,2
De Gesel Gods,2
Debbie Super Stripstory,2
Jim West,2
Sexy Humor,2
Zep,2
Ars Magna,2
Cats,2
Criminal,2
Green Arrow,2
Sterrenschip,2
Stripgids,2
"Verborgen Grenslijn, De",2
Verhalen Van Vroeger,2
Een Onderzoek Van Commissaris Cr�m�r,2
James Bond (Film),2
Nefesis,2
Blue Bird,2
Purper,2
Sjoerd En Sjanneke,2
Prins Namor,2
Dixie Road,2
Flikken,2
OSS.117,2
Peggy Press,2
Strip (Tijdschrift),2
Arend Stripserie,2
De Droom Van De Haai,2
Fiedelflier,2
Jungle Jim,2
Krijgsheren,2
Cesar & Rigobert,2
Junior & Co,2
Super Comics (Tweede Reeks),2
De Duivel Der Zeven Zee�n,2
Donald Cash,2
Donald Duck De Spannendste Avonturen,2
Penny Zomerboek,2
Poncho,2
Promise,2
Zendelingen Strips,2
'k Wist Niet Dat Ik Het Had,2
�romm,2
Lunatiks,2
Moeder Killers,2
Robbedoes En Kwabbernoot (Dossieruitgaven),2
Spiegelland,2
Wendy,2
Anna Knots,2
Arthus Trivium,2
Brabbel En Buggie,2
Dragger,2
Lola Bogota,2
Schooltijd,2
Drie Wensen,2
Richard Bantam,2
Ronson Inc.,2
De Dorpsgek Van Schoonvergeten,2
Pom En Teddy,2
Retep,2
Alice En Vicky,2
Kloontje Het Reuzenkind,2
Duistere Verhalen Uit De Middeleeuwen,2
Eerlijke Lui,2
Kung,2
Losstaande Uitgaven Van Carlos Zefiro,2
Siegfried,2
Bart En Bob,2
De Engelsman Die Niet Van Vuurwapens Houdt,2
Een Diamant Onder De Maan,2
Groot Pony Club Boek,2
Knipoogje,2
Y�ch,2
Doerakken,2
Losstaande Albums Van Elyh,2
Losstaande Albums Van Patrick Prugne,2
Wimpies Wonderlijke Dromen,2
Caligula Reeks,2
Milan K.,2
The Boondocks,2
Tir Nan Og,2
Tom Poes (Niemeijer),2
Perico,2
Amulet,1
Arzak,1
Bergese,1
Een Mooie Handel,1
Meneer Khol,1
Morgan Tower,1
Rood Gedicht,1
Suske En Wiske (Pseudo,1
Walt Disney Tekenverhalen,1
Bakelandt (Zwart,1
Capone Reeks,1
Losstaande Albums Van Martin Jamar,1
Overzee,1
Panda (De Muinck),1
Rutger Van Gemert,1
Vakantiestripboeken ECI Boek En Plaat,1
Winnetou,1
Zuster Fidelma,1
Het 'Bal Du Rat Mort',1
Ingeblikt,1
J�r�me Tailleriche,1
Koots,1
Napoleon,1
Sprookjes In Beeld (Hemma),1
Suske En Wiske Infostrips,1
De Lachende Politieman,1
De Nakomertjes,1
Detective Hairlock Cholms,1
Dummetje,1
Het Territorium,1
"Jan, Jans En De Kinderen, Themaserie",1
Keltos,1
Kompas Sprookjesboek,1
Losstaande Albums Van Ted Beno�t,1
S.C.A.L.P.,1
Superhelden,1
De Grote Otter,1
Fatale Vrouwen,1
Freggels,1
Saga Van Een Wraak,1
Batman Junior,1
De Avonturen van Urbanus,1
De Vliegeraar,1
Een Wereld Zonder Kwaad,1
Sam & Sam,1
Age Of Reptiles,1
Hein De Kort Pocket,1
Losstaande Albums Van Jack Staller,1
Losstaande Albums Van Peter Pontiac,1
Mac Namara,1
Niourk,1
NSA,1
Ogregod,1
Reclame Uitgaven Henkel,1
De Verloren Verhalen Van Lemuria,1
Donald Duck Puzzelparade,1
Gloria Victis,1
Holle Pinkel,1
In Articulo Mortis,1
Ping,1
Tibhirine,1
Violetta,1
Digitaline,1
Flor En Toosje,1
Joviale Hamster,1
Losstaande Albums Van Louis Hach�,1
Playboy,1
Abba Zoekt Frida,1
De Tijdelijke Dood,1
Eppo Forever,1
"Patrick Maudick, Detective",1
De Mutanten,1
Les Mis�rables,1
Manege 'De Paardensprong',1
Hulbert,1
Losstaande Albums Van Lode Devroen,1
Losstaande Albums Van Simon Spruyt,1
Schijn Bedriegt,1
Akarus,1
De Hand Van Satan,1
De Koning Van De Wereld,1
De Wolkenhaak,1
Losstaande Albums Van Jan Vervoort,1
Reclame Uitgaven Jamin,1
Sjef van Oekel,1
Swah,1
Victor & Vishnu,1
Bernard Voorzichtig,1
Death Mountains,1
Grimlein Lederwant,1
Hostile,1
Krashmonsters,1
Losstaande Albums Van Christian Cailleaux,1
Losstaande Albums Van Davide Pascutti,1
Dodelijk Veneti�,1
Folies Berg�re,1
Gastronomisch Bommelboek,1
Losstaande Albums Van Arne Zuidhoek,1
Losstaande Albums Van Xavier Colette,1
Roger Rabbit,1
Suske En Wiske Magnifieke Meesterwerken,1
Belle En Het Beest,1
"Blake en Mortimer, De Avonturen van",1
De Nieuwe Avonturen Van Bob Morane,1
Losstaande Albums Van Ron Van Riet,1
Superman En Spider,1
Tina Paardenpocket,1
Losstaande Albums Van Mars Gremmen,1
Alchemie De Ultieme Reis,1
Arthur 3,1
Benjamin,1
Bielzenblues,1
B�lox,1
De Tranen Van De Tijger,1
De Truckers,1
Kabouter Wesley,1
Morgh,1
Wrekende Diamanten,1
De Molenaar,1
Futura,1
Het Andere Spoor,1
Jules Verne,1
Kas Kadet,1
Losstaande Albums Van Ferrandez,1
Lucius,1
Zorry Kid,1
Artemis Fowl,1
Geestenburg,1
Heroveringen,1
Kathy's Kat,1
Ork,1
Pinokkio (Walt Disney),1
Private Ghost,1
Scotland Yard,1
Alpejagerslied,1
Betty Brisk,1
Brieven Uit De Bar,1
De Bosduivel,1
De Tweede Kus,1
Bionda De Pantervrouw,1
Dan Morrison,1
De Zwarte Luipaard,1
Fidel Castro,1
Het Haarnetje,1
Losstaande Albums Van Ben Westervoorde,1
Losstaande Albums Van Patrick Van Oppen,1
Overlord,1
Panterserie,1
XIII Mysterie,1
Action Strips,1
Losstaande Albums Van Gabriella Giandelli,1
Losstaande Albums Van Posy Simmonds,1
Ouders & Kinderen,1
Paus Johannes Paulus II,1
Pinocchio (Magic Press),1
Titula & Titul,1
Voor Ginevra,1
Aquarica,1
Billy De Bij,1
Brazil 2022,1
De Strip Van Gent,1
Jan Klaassen,1
Lassie,1
Losstaande Albums Van Paul Gillon,1
Mickey,1
Tao Bang,1
Vuur,1
Dick Bos (Panda Integraal),1
Hector,1
Het Oog Van De Duivel,1
Katelijne Van Brugge,1
Strips In Stereo,1
De Rechten Van De Mens,1
Losstaande Albums Van Gawronkiewicz,1
Operation Comics,1
Pukkels,1
Ted En Tom,1
Blindemannetje,1
De Omkoopbaren,1
Gavrilo Princip,1
Harteklop Classics,1
Jaybird,1
L�a,1
Losstaande Albums Van Jilian Tamaki,1
"Alex, Gentleman Detective",1
Nu Even Serieus,1
Red Sonja Koningin Van De IJswoestenij,1
Apache Junction,1
Barbaraal,1
De Verhalen Van Onze Voorvaderen,1
Een Hollands Drama,1
Keizer Karel,1
Reclame Uitgaven Bonzo,1
Russ Bender,1
Schaterlachen Met Donald Duck,1
The Black Hole,1
Tom Poes Weekblad (Skarabee),1
Venus En Salome,1
Green Man,1
Het Wonderlijke Beestenboek,1
Onder Palestijnen,1
Pokereiland,1
Trashed,1
De Legende Van Robin Hood,1
Hotel Particulier,1
Losse Tongen,1
Tom Jones,1
Baberiba,1
De Crypte Van De Blauwe Mist,1
Evert Kwok,1
Mijnheer Prikkebeen,1
Pili,1
Aphrodite,1
Asceltis,1
De Avonturen van Philip en Francis,1
Het Laatste Ritueel,1
Jheronimus,1
Primus En Musje,1
Raadsels Rond Het Palmenhuis,1
Rubberman,1
Tinus Trotyl,1
Batman (De Vliegende Hollander),1
De Vries,1
Losstaande Albums Van Fran�ois Walth�ry,1
Odoric,1
Rosa,1
Shock Classics (Tweede Reeks),1
Tommy Riley,1
Archie & Purdy,1
De D�risoire,1
De Wind In De Wilgen,1
Disney Funboek,1
Goed Gek Met De Monkees,1
Hellship,1
"Niet Zo, Maar Zo",1
Zaden Van Het Paradijs,1
Ze Is Van Mij!,1
Batman (Vliegende Hollander),1
De Avonturen Van Daantje Durf,1
Mannus,1
Shadow Banking,1
Tom Poes (Ge�llustreerde Pers),1
Verschilloos,1
5 Duivelse Voetbalstrips,1
Boekerij Uitgaven,1
Daddy,1
De Fratsen Van Jan Heibel,1
Govert Suurbier,1
Jeremie,1
Losstaande Albums Van F�lix Vega,1
Losstaande Albums Van Lucie Durbiano,1
Mondial Album,1
Oost West,1
Reclame Uitgaven Postgiro,1
De Woesteling,1
Doornroosje,1
Een Plaatje Van Een Ziekenhuis,1
Nero De Premi�res,1
Bart De Graaff,1
Bob Morane Presenteert,1
De Beste Vijanden,1
Gaston En Leo,1
Mondria Zwartwit Reeks,1
Ridder Reinhart,1
Robber,1
Sarane,1
Wayne Redlake,1
Witsok,1
De Werelden Van Don Lawrence,1
Demonische Verhalen,1
Jim Spaceborn,1
Ontmoeting,1
Steven Sterk (Illegale Uitgaven De Uil),1
Waldeck,1
Aquaman (RW),1
De Trojaanse Oorlog & De Reizen Van Odysseus,1
Goudard,1
Het Eiland Arroyoka,1
Reclame Uitgaven ASN,1
De Laatste Vlucht,1
De Neef Van Prikkebeen,1
Martha Washington,1
Nick & Linda,1
Sherlock Holmes & De Necronomicon,1
Shi Xiu,1
Beroep Leraar,1
Carbeau Barones En Bolides,1
De Wonderen Van Het Leven,1
Een Avontuur Van Johan Van De Rand,1
Gilgamesj,1
Hidalgo's,1
Losstaande Albums Van Serge Clerc,1
SpiderMan Avonturen,1
Super Muis,1
Suske En Wiske Bundelingen,1
Tina Boelboek,1
Bollie en Billie,1
Greenpeace,1
In Het Midden Van Nowhere,1
Kinderspel,1
Loempiart,1
Losstaande Albums Van Erwin Sels,1
Mevrouw Livingstone,1
De Avonturen Van Kris,1
De Gefrusteerden van Claire Bretecher,1
Dikke Billie Walter,1
Dinosaurussen,1
Dracula De Drakenorde,1
Het A,1
Jubal Jubelslee,1
Siloe,1
Tullus,1
Wondertown,1
Berten Rodenbach,1
Cobalt,1
De Familie Backeljau,1
Doebidoes,1
Losstaande Albums Van Maarten Vande Wiele,1
Piranesi,1
Liefde Op Leeftijd,1
Nacht Der Vampiers,1
Otaku,1
Spectaculaire Spiderman Mag,1
Abc Warriors,1
De familie Doorzon,1
Don Lawrence Collection,1
Petra Borst,1
Reclame Uitgaven Walibi,1
Sandy Eastern,1
Thor,1
Abe,1
Down Under,1
Moeder En Ik,1
Reclame Uitgaven Nibb,1
Saroma,1
Schurkenbloed,1
Tom & Jerry (Vanderhout),1
De Autoreportages van Margot,1
De Priester,1
De Wrekende Wesp,1
Disney Vakantieboeken,1
Harry Chase,1
Kanaal 13,1
Losstaande Albums Van Paul Hornschemeier,1
Star Comics,1
6 Kerngezonde Stripverhalen,1
't Is Naar De Bliksem,1
De Balling,1
Donald Duck Puzzelomnibus,1
Groot Uur Griezelen,1
Kids Van Troy,1
Studio 100 Vakantieboeken,1
Champions,1
De Smaragdridders,1
Doorzon,1
Mary Kingsley,1
Vuile Grappen Van Vuillemin,1
Walt Disney's Pret Album,1
"Dertig Jaar Stripschap, Dertig Jaar Strips In Nederland",1
Een Afspraak In 2009,1
Elsie En Mairi,1
Hilda,1
Schatjes,1
Acht Beroemde Boeken Als Stripverhaal,1
Aguirre,1
Beroemde Verhalen In Beeld,1
Coleman Wallace,1
En Toch Doet Het Zeer,1
Ik Ben Dood,1
Losstaande Albums Van Alfonso Font,1
Losstaande Albums Van Beno�t Sokel,1
Michel De Trouwe Hond,1
Taco Zip,1
4 Helden,1
Arzach,1
De Rode Dwerg,1
Enorme Angst,1
Het Land Van De Glomen,1
Losstaande Albums Van Ben Katchor,1
Losstaande Albums Van Jan Vriends,1
Muze Um,1
Patamoes,1
Fort Wheeling,1
Jerry Mail,1
Losstaande Albums Van Jan Bosschaert,1
Losstaande Albums Van Mark Van Oppen,1
Polletje Pluim,1
Zoek!!,1
Barbie,1
De Tribulaties Van Joost Vanlabecke,1
Dead Hunter,1
La Contessa,1
Phineas And Ferb,1
Resi & Transi,1
Amsterdam Onder Water,1
Bob Mallard,1
De Loopgraaf,1
Fawcett,1
Losstaande Albums Van Bryan Talbot,1
Ontboezemingen,1
Reclame Uitgaven Kodak Select,1
Tahya El,1
Ukkie Kampioen,1
De Grote Zeeslagen,1
De Stad,1
Flippie Flapoor,1
Gloriande Van Themines,1
Het Beste Van Marten Toonder,1
Losstaande Albums Van Lorenzo Diaz,1
Sam Marlowe,1
Van Koken En Stoken,1
China,1
Honderd Gemma's,1
Losstaande Albums Van Studio Max,1
Sambo,1
Auschwitz,1
De Papevreters,1
De Yankee,1
De Zuilen Van Salomo,1
Dragon Age,1
Succubus,1
Tony Corso,1
Vell'a,1
Bob A.,1
Hello You!,1
Lekker Fris,1
De Kinderen Van Dourpajon,1
Dokters,1
Duivelsmond,1
Een Avontuur Van De Spoorstraat,1
Fanchon,1
Kiekeboe (Zwart,1
Kleine Nemo,1
Losstaande Albums Van Eric Schreurs,1
Tania,1
De Reizen Van Alexander Icaro,1
De Vloek Van De Volle Maan,1
Drakendynastie,1
Losstaande albums van Emanuele Tenderini,1
Tom Okker,1
Bingo (De Boer),1
De Weg Naar Selma,1
Han Gewetensvim,1
Jean Antoine Uitgaven,1
Norbert De Verbeelding,1
Vluchtweg Naar De Zon,1
De 13 Geboden,1
De Doodsengel,1
Dennis (Centri,1
Krimpvrij Verpakt,1
Losstaande Albums Van Karel Verschuere,1
"Pluk + Plak, De Brokkenpiloten",1
Rona,1
Streetkids,1
WK'86 De Beste Voetbalstrips,1
Wouter Beke,1
Zo Is 't Leven!,1
De Draagbare Biebel,1
Dennis (Loeb),1
Grunge Genetica,1
Losstaande Albums Van Joep Bertrams,1
Sera Torbara,1
De Erfenis Van De Duivel,1
De Verzoeking Van Satan,1
Doc Savage,1
Epoxy,1
Kaarib,1
Losstaande Albums Van Fran�ois Craenhals,1
Public Relations,1
Feathers,1
Ishanti,1
"Moeder, Kom Thuis",1
Simon Trips In Gouda,1
Baudelaire,1
Bij De Marine,1
Het Orakel Van De Maan,1
Jummie!,1
Losstaande Albums Van Brett Weldele,1
Mandragora,1
Reis Naar De Bodem Van De Zee,1
Romeo & Julia,1
Superdupont,1
Blauwe Rook,1
Ero,1
Het Strips Jaaroverzicht In Cartoons,1
Last Man,1
Losstaande Albums Van Pirana,1
Losstaande Albums Van Wim Stevenhagen,1
Matho Tonga,1
Wordt Vervolgd 'Presenteert',1
Zartan,1
Babe Team,1
Blast,1
De Avonturen Van Grijpstra & De Gier,1
De Kraai,1
Eastern,1
Een Lange Bloedige Nacht,1
Engel,1
Jack The Ripper (Loempia),1
Nachtwacht,1
Pinokkio (Winshluss),1
Reclame Uitgaven De Ruijter,1
Star Wars (Panini),1
U.S.A. Reeks,1
Veroveraars van Troy,1
Yogi Beer,1
38ste Breedtegraad,1
Indian Summer,1
Monsters Vs Aliens,1
Rekruut 91,1
Sherlock Holmes (P&T),1
Simon Francoeur,1
Verowin,1
3 In 1 Classics strips,1
Bri d'Alban,1
Candy Candy,1
De Olympische Droom,1
De Strip Van 7,1
Garrigue,1
Junker,1
Lagune,1
Parodies 3,1
Premolaar,1
Reclame Uitgaven Ekspres,1
Steven Nieland,1
9 Tijgers,1
Cestac,1
Close Encounters Of The Third Kind,1
De Avonturen Van Sliske En Haar Vriendjes,1
De Biecht,1
Engelandvaarders,1
Halona,1
Jean Marie Pfaff,1
Jerom (Reclame ID),1
Lawine,1
Leonid En Spoutnika,1
Losstaande Albums Van Pat Masioni,1
Anton Blake,1
Beast,1
Bericht Van Mars,1
Disney XD Magazine,1
Finkel,1
Hitparade,1
Janice,1
Magier,1
Patty Porn,1
Perdita Queen,1
"Scoutswoord, Erewoord",1
Sjors en Sjimmie,1
Yossel,1
300.000.000,1
40 Hours,1
BFF's,1
Disney Boys Boek,1
Een Avontuur Van Jack Slender,1
"Herman, De Lichtrode Ridder",1
Histoire d'O,1
Kanjer,1
Koning Arthur En De Ridders Van De Ronde Tafel,1
Atoom Alarm,1
Excellentie,1
Loeb Drukwerken Uitgaven,1
Losstaande Albums Van De Auteur Gipi,1
Losstaande Albums Van Lauzier,1
Love Stories,1
Marvel 1602,1
Matla Stripcatalogus 1998,1
Rex Brontosorus,1
Super Boy,1
Ange,1
Charles Miller,1
D,1
De Avonturen van Julius Chancer,1
Gelegenheids Uitgaven Brandweer Schiphol,1
Swiebertje,1
Tom Poes (Reclame Amro),1
Insecten,1
Kador,1
Kroepie En Boelie Boemboem,1
Panda (Reclame Omo),1
Proffie,1
Slimmeke Slim,1
Taxi Molloy,1
Black Bank,1
Bruxxxel,1
Kits & Rik,1
Losstaande Albums Van Crespin,1
Losstaande Albums Van Daniel Clowes,1
Reclame Uitgaven Woningonderneming SGB,1
Sam & Simone,1
The Cool Bros,1
Dick Bos (Arbeiderspers),1
Disney Festival Special,1
Ijsco,1
KGB,1
Miami Beach,1
Panda (Arnhemsche Courant),1
Angry Birds,1
Wet Van De Chaos,1
Caf� Kin',1
Green Lantern,1
Het Beste Van Mijzelf,1
Opa (Boerderij),1
Rob Robuust,1
Cat Claw,1
De Triomf Van Arn,1
Jaws,1
Koning Bubu,1
Abba,1
Gouden Eeuw,1
Klaasje Allemansverdriet,1
Losstaande Albums Van Dino Battaglia,1
Losstaande Albums Van Javier Mariscal,1
Prairiehonden,1
Stripturf,1
Alwin En De Wolven,1
Losstaande Albums Van Ren� Follet,1
Master,1
Mijnheer Pimpelmans,1
Ostfront,1
Bloem Van De Nieuwe Wereld,1
Bruxelles,1
De Dochter Van De Professor,1
De Expeditie,1
De Wonderlijke Uitvinding Van Professor Hyx,1
Deadline,1
Hobbystrip,1
Jacobus En Corneel,1
De Avonturen Van Belgman,1
Fix & Foxi,1
Hersenschimmen,1
Id�fix,1
Losstaande Albums Van Emmanu�l Lepage,1
Mark & Kris,1
Robinson,1
Bulletje En Boonestaak (D'Roodkoopren Knoop),1
Caztar,1
De Merkwaardige Belevenissen Van Smidje Verholen,1
Gladys Aylward,1
Astrosniks,1
Bezette Stad,1
Bowen,1
Doortje Dartel,1
I Kill Giants,1
Kasboek,1
Stomp,1
Tim Tijdloos,1
Anita Dubbelalbum,1
Baobab,1
De Vrouw Van Mijn Dromen,1
Eightball Hunter,1
Er Waren Eens... Belgen,1
Losstaande Albums Van David Barth,1
Het Verband Van De Ring,1
Marc Alban,1
Spetters,1
Tannenberg,1
Aliot,1
Brammetje Fok,1
Dabbo,1
Eduard Het Zwijn,1
Fikser,1
Het Flying Circus,1
Losstaande Albums Van Andr� Franquin,1
Malle,1
Zingari,1
Dubbelspion I Spy,1
Het Geheim Van De Maalstroom,1
Hiawatha,1
JET,1
Losstaande Albums Van Jeroom,1
Losstaande Albums Van Kim Duchateau,1
Losstaande Albums Van Roelof Wijtsma,1
Onbemande Dreiging,1
"Pim, Pam & Pluis",1
Arcana,1
Het Wolkenvolk,1
Rooie Oortjes Dubbeldik,1
Suske En Wiske Magazine,1
De Sint En Het Cybercomplot,1
De Vraatkevers,1
Dennis (Junior,1
Losstaande Albums Van Beja,1
Losstaande Albums Van Stephan Timmers,1
Mannetje & Mannetje,1
Michel,1
Notre Dame,1
Requiem de Vampierridder,1
Thomas Silane,1
Victor Viespeuk,1
Afrikakorps,1
Arend Boek,1
De Mof,1
Losstaande Albums Van Pierre Wachs,1
Nexus,1
Smiths,1
Donald Duck Presenteert,1
In De Nacht,1
Losstaande Albums Van Hanco Kolk,1
Moslimenclave Gorazde,1
Muraqqa,1
Reclame Uitgaven Solvay,1
Vidocq,1
Camillus,1
Centaurus,1
Charley's Oorlog,1
David Cassidy,1
Donald Duck Ik Donald Duck,1
Frank Wild,1
Rooie Oortjes Stripmagazine,1
De Ijstrein,1
De Meesterspion,1
Disney Filmstrip BN,1
Nietzsche,1
Plumoo,1
Tobbe,1
Catwoman,1
De Auto's Van Het Avontuur,1
Helden Worden We Toch Nooit,1
Gung Ho,1
Losstaande Albums Van Vazquez,1
Slangengebroed,1
02,1
De Doka Van Hercules,1
De Teenloze Adelaar,1
De Vier Hoeken Van De Wereld,1
Erik,1
Gawein,1
Bollie En Billie (Eppo),1
De Genadelozen,1
Amazones Van Troy,1
De Danseres Van De Tijd,1
Dolfje Weerwolfje,1
Floris Van Dondermonde,1
Gothic,1
Magus,1
Marq Denkt,1
Mr. Mack,1
Mutts,1
Sade,1
Strips Voor Mozambique,1
De Cowboys,1
Het Boek Van Het Lot,1
Jessie Jane,1
King Kong,1
Losstaande Albums Van David Polonsky,1
Losstaande Albums Van Lusse,1
Stadslegenden,1
Studio Zoetermeer Uitgaven,1
Toen Ik Nog Baas Van De Wereld Was,1
Ayak,1
Dario,1
De Avonturen Van Hel,1
Donald Duck Kookboek,1
Hot Charlotte,1
In Naam Van Al De Mijnen,1
Teenage Mutant Hero,1
Alfred Jodocus Kwak,1
Het Godvrrgeten Eiland,1
Lex,1
"Ons Volkske, Bundelingen 2e Reeks",1
Pat Rick En Mass Tick,1
Star Slammers,1
Stille Getuigen,1
De Drie Caballeros,1
De Heer Van De Messen,1
God,1
Guy Gilbert,1
Jane Bond,1
Losstaande Albums Van Daniel Torres,1
Losstaande Albums Van Martijn Van Santen,1
Marginalia,1
The Zumbies,1
Winnetou (Arboris),1
Aan Boord Van De Morgenster,1
Bamsie,1
Deep,1
"Janek, De Vluchteling",1
Losstaande Albums Van Ulf Keyenburg,1
Tienertop,1
Spionage Pockets,1
5 Is Het Perfecte Getal,1
Algernon Woodcock,1
High Chaparral,1
Little Kevin,1
Losstaande Albums Van David Prudhomme,1
Tom Poes (Reclame Bruna),1
Allan Macbride,1
De Familie Weltevree,1
Kochka,1
Malienda,1
Zornik,1
Artie,1
Bloedwinter,1
Bren,1
Eefje,1
Het Magische Zwaard,1
Horizon,1
Kalimbo,1
Losstaande Albums Van Harry Buckinx,1
Reclame Uitgaven GTI,1
American Seasons,1
Angelus,1
Daredevil,1
De Silver Surfer,1
Nick Knatterton,1
Oostfront,1
Reclame Uitgaven Lorus,1
Wunderwaffen,1
Zoociety,1
Familie de Beukelaer,1
"Hollands Drama, Een",1
Panda (Mondria),1
Pyrenee,1
Reclame Uitgaven Stokvis,1
Bob De Kerpel,1
Burton & Cyb,1
Collectie Register,1
Het Contact,1
Het Ibismeisje,1
Ibicus,1
Losstaande Albums Van,1
Losstaande Albums Van Gummbah,1
Losstaande Albums Van Serge Baeken,1
Reclame Uitgaven Sony,1
S�minole,1
Suske En Wiske Vakantieuitgave,1
Tokkie Tor,1
Aladdin,1
Ben,1
Kane,1
De Boerderij Der Dieren,1
De Droom Van Jeruzalem,1
Harry Octane,1
Jong Geluk Classics Albums,1
Losstaande Albums Van Jean Trubert,1
Pieter Pook,1
The Real Ghostbusters,1
De Zaak Zonnebloem,1
Dirkjan,1
Ergens Een God,1
"Shi Xiu, Koningin der Piraten",1
Slim Naar School Met Suske En Wiske,1
Sulle Hooms Extra,1
Vertellingen Uit De Hooglanden,1
Ze Jacky Touch,1
De Rode Ridder,1
Eeuwwisseling,1
Metamorfoses,1
Don Lawrence The Legacy,1
Op Kamers,1
Rooie Oortjes Romantiek,1
Scherven,1
TDB,1
Virginia,1
Willem Tell,1
Albert & Co,1
Arboris Jubileum,1
Bruce Bullet,1
Groot Televisie Stripboek,1
Ijstijd,1
Oppassen,1
Slimmie & Sloffie,1
Andy Gang,1
Hotel Nevelzicht,1
Joachim En Iris,1
Losstaande Albums Van Fran�ois Boucq,1
Mijn Jaar,1
Pieter Pienter,1
Wooly Wan,1
Avonturen Van Ridder Rudolf,1
BNX7QD~X.CBR,1
Chocolade Met Franse Frietjes,1
H.ell,1
Lex Luxaflex,1
Losstaande Albums Van Danny De Laet,1
"Order, The (Koper Comics)",1
Sidi & Smook,1
Strips!,1
Cinemaspot,1
Coutoo,1
Defensie Stript!,1
Diosamante,1
Hara Kiwi,1
Kapoentjes Omnibus,1
Lotta,1
Middernacht Op Rhodos,1
Sydney Bruce,1
Thierry Laudacieux,1
Hupie,1
Jeronimus,1
Mamma Care,1
MY6O5U~T.CBR,1
Say Hello To Black Jack,1
Smerissen,1
Afspraak In Nieuwpoort,1
Alack Sinner,1
De Drie Musketiers,1
Johnny Hazard,1
Koepels,1
Lancer,1
Strip Art Reeks,1
Stupid Invaders,1
Uuterwaerdt,1
Valstrik Memory,1
Verborgen Rampen,1
Arkel,1
Duizend,1
Jack Slender,1
Kapitein Kreiss,1
Kaplan & Masson,1
Arelate,1
Chris Melville,1
Doodzonde,1
Equator,1
Losstaande Albums Van Gerrie Hondius,1
Stampertje,1
Dad,1
Losstaande Albums Van Shirley Hughes,1
Stropke En Flopke,1
De Huifkar Van Hermes,1
Doe Ik Het Goed,1
Een Avontuur Van Gerard Craan,1
Losstaande Albums Van Ben Verhagen,1
Luc Leroi,1
Oliver Page,1
Ongekroonde Helden,1
Verborgen Ramp,1
Woody Allen,1
Wordt Vervolgd Club,1
Akamoth,1
Collectie Nooitgedacht,1
FC De Kampioenen,1
Frank En Ewoud,1
Ivan Zoerin,1
Kobra,1
Oliver,1
Racing With Thierry Boutsen,1
De Banjers,1
De Ruyter,1
De Strijd om het Vuur,1
De Zonen Van De Wolvin,1
IAN,1
Stern,1
Anita Blake,1
Donald Duck Dagstrips,1
Logicomix,1
Losstaande Albums Van Paul Auster,1
Batwoman,1
Bokkies Voor Bokkies,1
Falkenberg,1
Flash,1
"Ja, Ik Wil... Veilig Vrijen",1
Paardenstripboek,1
Tin Lizzie,1
Gloria Van Goes,1
Het Hanzevirus,1
Losstaande Albums Van Wallace Wood,1
Max Falk,1
Pulp Deluxe,1
Reclame Uitgaven Unizo,1
Bert Bus Bibliografie,1
De Spiegel Van Alice,1
Kendo De Weg Van Het Zwaard,1
Losstaande Albums Van Etienne Davodeau,1
Neferu De Kat,1
Westfront,1
Flash Op Francorchamps,1
Joep,1
Losstaande Albums Van Luc Cromheecke,1
Monastreet,1
Sexy Fun Strips,1
"Slaap Zacht, Kleine Meid...",1
Spekkie Big,1
Taras Bulba,1
Zeeland 2000 Jaar Geschiedenis In Strip,1
Aantekeningen Voor Een Oorlogsverhaal,1
Buck Danny (Robbedoes,1
101 Dalmatiners,1
Babs,1
Caravaggio,1
De Kippen Van Kentucky,1
Het Wonderlijke Verhaal Van Water,1
The Bridge,1
7 Super Strips,1
De Onvoorspelbare,1
Foligatto,1
Het Vijfde Evangelie,1
Muziekgeschiedenis,1
Firma Biereco & Moes,1
Katrien (Cabu),1
Losstaande Albums Van Emile Bravo,1
Losstande Albums Van David Beauchard (David B.),1
Man & Paard,1
Stone,1
The White Cowboy,1
Blablabloni�,1
De Grote Barribal,1
De Poort Naar De Hemel,1
De Vandalen,1
Debbie ... Boek,1
Insomnia,1
Jan Van Scorel,1
Marie Der Draken,1
Vanguard,1
Getekend (Wijtsma),1
Malafide,1
Y�rushala�m,1
Arsamia,1
BNK3HH~Y.CBR,1
Een Seconde Later,1
Geheimzinnige Steden,1
Losstaande Albums Van Joe Wight,1
Mac & Maggie,1
Szereszewski,1
Arawn,1
De Verloofden,1
Drogisterij Museum Uitgaven,1
Eikeltjes,1
Last,1
Ocean's Kings,1
Rikkie Roest,1
The Superior Spiderman,1
Bod� Erotica,1
Daktari,1
James Bond (Classics),1
Rembrandt Van Rijn,1
Ansje Tweedehansje,1
Brigadier Dog,1
De Advonturen Van Rud Hart,1
Het Plezante Cirkus,1
Kaleunt,1
Liefde Strip,1
Losstaande Albums Van John Kennis,1
Met Durex In De Wolken,1
Nini Tapioca,1
Stella (Angry Birds),1
The Dark Crystal,1
Tyler Cross,1
Collectie Custode,1
In Strip Gevat,1
Mevrouw De Heks,1
Robinson Cruso�,1
Alpine,1
Ans En Hans,1
De Avonturen Van Rudi,1
De Schemerzone,1
"J. Rom, Force Of Gold",1
Lemen Voeten,1
Opstand!,1
Quaco,1
Sonic,1
Bergbloempje,1
Broeder Bollijn,1
De Duisternis Voorbij,1
De Winnaar,1
Kamikazes,1
Ken Parker,1
Lunk,1
Rokus En De Rest,1
Baby's In Black,1
Boris Boef,1
De Zaak 24,1
Demos De Wreker,1
Dodeneiland,1
Losstaande Albums Van Hannah Berry,1
No�l Bertrand,1
Striptoppers,1
Bloedheet,1
De Gierenclub,1
De Wonderbaarlijke Avonturen Van Nelson Lobster,1
Herinneringen,1
Het Geheim Van De Bakkerij,1
Stampede!,1
Story,1
The Road To El Dorado,1
Elise Linotte,1
Inez,1
Just,1
Ome Keesje,1
Rembrandt,1
Spacix Presenteert,1
Alain Passard,1
Carthago Adventures,1
D�ogratias,1
Halmar,1
Otto De Man Van Saxnot,1
Ridder Gloriant,1
Superlucas!,1
Terug Naar Congo,1
Wilbur En Mimosa,1
Grafische Waanvoorstellingen,1
Johan Cruyff,1
Madam Mikmak,1
Reclame Uitgaven Eve+Adam,1
Zagor,1
Alice In Wonderland,1
De Hobbit,1
De Leukste Amerikanen,1
Dierenleed,1
Djengiz Khan,1
"Fokker, Het Leven Van Een Luchtvaartavonturier",1
Losstaande Albums Van Eddy Ryssack,1
Matt Marteau,1
micha_strips.txt,1
Scooter Boys,1
De Verhalen Uit Het Kasteel Der Lusten,1
Frank Falko,1
Karga,1
Losstaande Albums Van Yves Chaland,1
Over Lijken,1
Valentine Pity,1
Zwarte Humor,1
Casper Cop,1
Disney Avonturen,1
Drie Vruchten,1
Globe Protection,1
J. Rom,1
Serge Morand,1
Cocktail Comix,1
De Eekhoorn Van De Vel' D'Hiv,1
De Poorten Naar Het Mogelijke,1
Kunstschooldag,1
Losstaande Albums Van Antonio Hernandez Palacios,1
De Avonturen Van Ridder Roosje,1
De Olympsiche Spelen,1
De Spiegels Van De Tijd,1
Een Familiekwestie,1
Middernacht,1
Topsland,1
Wind Surfing,1
Collectie Auteurs,1
De Uil,1
Juarez,1
Losstaande Albums Van Olivier Vatine,1
Op Weg Naar Compostella,1
Tom Poes (Reclame KLM),1
Wet En Recht,1
Alex Nora,1
Doorbraak,1
Johnny Paraguay,1
Lance Barton,1
Losstaande Albums Van Roger Copuse (Hubuc),1
Madelief,1
New,1
Strip Mag,1
Ypres Memories,1
Cromwell Stone,1
De Horus Van Nekhen,1
Het Experiment,1
Penny Kanjer,1
Sandman,1
Brussel In Beeldekes,1
Captain Scarlet,1
De Laatste Engel,1
Dries Van Agt,1
Koning Gonzales,1
SF & Avontuur,1
Boske,1
De Kameleons,1
Hokjesdenken,1
Losstaande Albums Van Ivan Petrus Adriaenssens,1
Losstaande Albums Van Pieter Geenen,1
Pakje Bakmeel,1
Reclame Uitgaven Blokker,1
"Trindle, Journalist",1
Vreemde Verhalen,1
Black Page,1
Jo & Bert,1
Oxfam Novib Uitgaven,1
Pa Pinkelman En Tante Pollewop,1
Superman (Semic Press),1
Vermoord Mijn Moeder,1
Alexander De Grote,1
Bakken Aan De Bar,1
Cowboy Superstrip,1
De Scharlaken Hoorn,1
De Schat Van De Tempel,1
De Vermaarde Behaarde Freak Brothers,1
Hannibal Vijf,1
Joris Voetangel,1
Niet Te Geloven Ondersteboven,1
O'Boys,1
Reclame Uitgaven Grundig,1
De Fotograaf,1
Illustrated Stripschrift,1
Knookje En Ilda,1
Licht,1
Madila,1
Roco,1
The Beatles,1
Vader & Dochter,1
Wapi,1
Katastroof,1
Losstaande Albums Van Georges L�vis,1
Magellaan,1
Meester Chang,1
Molly Manderling,1
Newton In Nederland,1
Partizanen,1
Surcouf (Daedalus),1
Tom & Jerry (Cartoon Network),1
Tsaar Peter De Grote,1
Chrome,1
Coraly Valley,1
Eerste Keer (10 Erotische Verhalen),1
Het Proces,1
Losstaande Albums Van Victor Mesquita,1
Reclame Uitgaven De Bij,1
Yorik,1
Blotch,1
Frenchy,1
Losstaande Albums Van Kamagurka,1
Okiya,1
Strip Express,1
Tamino,1
Tom Poes (Reclame Alete,1
Video Inferno,1
Woekeraar,1
Alien,1
Collectie Shock,1
De Wezentrein,1
Donald duck,1
Howard Blake,1
Suske En Wiske Plezier Met Suske En Wiske,1
Tjerk En Punkie,1
Trunk,1
Wolle Klaver,1
Africavi,1
Casper,1
Flipke En De Rakkers,1
Hoeraland,1
Losstaande Albums Van Ren� Hausman,1
Porky,1
Portugal,1
Colt Walker,1
De Ark Van Zoo,1
Garry Verth,1
Peter En De Draak Elliott,1
Tovenarij,1
Woestijnvalk,1
Angel Wings,1
De Luftwaffe Piloot,1
Droom Je Rijk,1
Kick Vicious,1
Celestine En De Paarden,1
De Zwartepinken,1
Een Zakje Knikkers (Daedalus),1
Klein Mirakel,1
Land Der Reuzen,1
Losstaande Albums Van Marc Legendre,1
Losstaande Albums Van Michel Bridenne,1
Losstaande Albums Van Tim Enthoven,1
Quasar,1
Rork (Sherpa),1
Starblood,1
XXe Ciel.Com,1
Angel Fire,1
Het Eeuwige Rijk,1
Losstaande Albums Van Bruno Loisel,1
Losstaande Albums Van Gilbert Declercq,1
Sandy Classics,1
Star,1
De Blondjes,1
Mysterieuze Verhalen...,1
Sergei Wlad�,1
Spynest,1
Texas Cowboys,1
Detective Bureau Babel & Knetterton,1
Donald Duck Extra Avonturenomnibus,1
Edgar Allen Poe,1
Griekse Mythen,1
Lucky Luke Vertelt Over,1
Maxi Strip Boek,1
Roodkapje,1
Samoerai Origine,1
Dark Dragon Books Limited Edition,1
De Gieren,1
De Katzenjammerkids,1
De Planckaerts,1
De Zaak Sven,1
Fun Home,1
Keizerin Charlotte,1
Losstaande Albums Van Jo�l Parnotte,1
Losstaande Albums Van Marcel Moniquet,1
Losstaande Albums Van Willam Vance,1
Louis Ferchot,1
Manga Messias,1
Op De Zeilplank,1
Reclame Uitgaven Shell,1
Tequila Desperados,1
Vincent En Van Gogh,1
Darth Vader,1
De Rattenvanger Van Hamelen,1
Vader Brown,1
Bab En Babou,1
Batman The Brave And The Bold,1
De Lens Van Spinoza,1
De Versteende Droom,1
Eva K,1
Finn,1
Roxane,1
Uchronie(s) New Moscow,1
Achtste Continent,1
Dakota,1
Losstaande Albums Van Alain Goffin,1
Yasmina,1
De Teutonen,1
Bezweringen,1
De Diva,1
De Kinderen Van De Regeling,1
Het Seizoen Van De Assen,1
Justice League Of America,1
Losstaande Albums Van Denis Bodart,1
Losstaande Albums Van Vicente Segrelles,1
Tegenaanval,1
Alain D'Arcy,1
De Doldrieste Avonturen Van De Beuk,1
De Heer Van De Duisternis,1
Fanny Hill,1
Ille Pinoc,1
Moomin,1
De Deserteur,1
De Klant,1
Een Nacht Met Volle Maan,1
Groot Vakantieboek,1
Juliette,1
Kongo,1
Thea Stilton,1
Henry's Dagboek,1
Koning Van De Kwallen,1
Losstaande Albums Van Roger Verlinden,1
Pascal Brutal,1
Reclame Uitgaven Politie,1
"Rik Ringers, De nieuwe avonturen van",1
White Crows,1
Buffalo Bill (Goudvink),1
Jack Diamond,1
Losstaande Albums Van Catel Muller,1
Losstaande Albums Van Joe Sacco,1
Strips Uit Brazili�,1
Voil� Car�me,1
Zetari,1
Aquilon,1
De Tijdjagers,1
Mano En Mano,1
Nederland Word Wakker!,1
Oltretomba Kleur,1
De Nieuwe Avonturen Van Zorro,1
Giraffe,1
Graphic Classic,1
Het Grote Bedrog,1
Huurlingen,1
Malorix,1
Nickelodeon Funboek,1
Pytha En Ik,1
Super Strip Vakantieboek,1
Tommy Tuller,1
Blondje,1
Bouwstenen Van Het Heelal,1
Losstaande Albums Van Jaime Martin,1
Losstaande Albums Van Matthias Schultheiss,1
Luchthelden,1
Olivier Varese,1
Bella Infiltreert,1
Disney Krant,1
Eko,1
H Aas Vollegaas,1
Joris En De Kwieke Drukpers,1
Justice League,1
Losstaande Albums Van Thierry Cayman,1
Losstaande Albums Van Umlando Wezithombe,1
Sparta,1
Tenzing,1
't Schildertje,1
De Schat van Tout Ankh Amon,1
Losstaande Albums Van Linda Medley,1
Losstaande Albums Van Margreet De Heer,1
Margot,1
Van Nature Uit,1
Blauw Is Een Warme Kleur,1
De Beste Tina,1
De Kannibrallen,1
De Uitvoering,1
Kid Congo,1
Kuifje Index,1
The Village,1
De Erfenis Van Siska,1
De Keerzijde Van De Droom,1
De Ontvoering Van Philips Willem,1
De Spookbrigade,1
Het Doolhof Van De Draak,1
Klassieke Kinderverhalen,1
Max Miller,1
Nortso,1
Snorkels (Tijdschrift),1
Austin & Morris,1
Baron Ignace Karnemelk,1
Beestjes,1
Belzarek,1
De Tovenaar Van ID,1
De Trilogie Van Het Kwaad,1
Hitler = SS,1
Mysterieuze Verhalen,1
Red Knight,1
Dream Is Over,1
